Date,Close,Volume
31-Jan-23,4076.6,4679320000
30-Jan-23,4017.77,3802000000
27-Jan-23,4070.56,3907760000
26-Jan-23,4060.43,3809590000
25-Jan-23,4016.22,3724020000
24-Jan-23,4016.95,3320430000
23-Jan-23,4019.81,3945210000
20-Jan-23,3972.61,4013360000
19-Jan-23,3898.85,3991500000
18-Jan-23,3928.86,4298710000
17-Jan-23,3990.97,4235560000
13-Jan-23,3999.09,3939700000
12-Jan-23,3983.17,4440260000
11-Jan-23,3969.61,4303360000
10-Jan-23,3919.25,3851030000
9-Jan-23,3892.09,4311770000
6-Jan-23,3895.08,3923560000
5-Jan-23,3808.1,3893450000
4-Jan-23,3852.97,4414080000
3-Jan-23,3824.14,3959140000
30-Dec-22,3839.5,2979870000
29-Dec-22,3849.28,3003680000
28-Dec-22,3783.22,3083520000
27-Dec-22,3829.25,3030300000
23-Dec-22,3844.82,2819280000
22-Dec-22,3822.39,3956950000
21-Dec-22,3878.44,3775200000
20-Dec-22,3821.62,3985370000
19-Dec-22,3817.66,3969610000
16-Dec-22,3852.36,7493660000
15-Dec-22,3895.75,4493900000
14-Dec-22,3995.32,4472340000
13-Dec-22,4019.65,5079360000
12-Dec-22,3990.56,3904130000
9-Dec-22,3934.38,3888260000
8-Dec-22,3963.51,4006900000
7-Dec-22,3933.92,4118050000
6-Dec-22,3941.26,4368380000
5-Dec-22,3998.84,4280820000
2-Dec-22,4071.7,4012620000
1-Dec-22,4076.57,4527130000
30-Nov-22,4080.11,6579360000
29-Nov-22,3957.63,3546040000
28-Nov-22,3963.94,3615430000
25-Nov-22,4026.12,1706460000
23-Nov-22,4027.26,3279720000
22-Nov-22,4003.58,3887990000
21-Nov-22,3949.94,3850690000
18-Nov-22,3965.34,4037360000
17-Nov-22,3946.56,4051780000
16-Nov-22,3958.79,4165320000
15-Nov-22,3991.73,5015310000
14-Nov-22,3957.25,4561930000
11-Nov-22,3992.93,5593310000
10-Nov-22,3956.37,5781260000
9-Nov-22,3748.57,4645010000
8-Nov-22,3828.11,4607640000
7-Nov-22,3806.8,4341620000
4-Nov-22,3770.55,5400180000
3-Nov-22,3719.89,4625290000
2-Nov-22,3759.69,4899000000
1-Nov-22,3856.1,4481210000
31-Oct-22,3871.98,4820620000
28-Oct-22,3901.06,4459410000
27-Oct-22,3807.3,4687320000
26-Oct-22,3830.6,4817310000
25-Oct-22,3859.11,4843120000
24-Oct-22,3797.34,4747930000
21-Oct-22,3752.75,5078020000
20-Oct-22,3665.78,4496620000
19-Oct-22,3695.16,4223800000
18-Oct-22,3719.98,4483740000
17-Oct-22,3677.95,4352780000
14-Oct-22,3583.07,4243030000
13-Oct-22,3669.91,5021680000
12-Oct-22,3577.03,4006830000
11-Oct-22,3588.84,4759030000
10-Oct-22,3612.39,3834320000
7-Oct-22,3639.66,4449660000
6-Oct-22,3744.52,4252100000
5-Oct-22,3783.28,4293180000
4-Oct-22,3790.93,5146580000
3-Oct-22,3678.43,4806680000
30-Sep-22,3585.62,5645360000
29-Sep-22,3640.47,4681810000
28-Sep-22,3719.04,4684850000
27-Sep-22,3647.29,4577740000
26-Sep-22,3655.04,4886140000
23-Sep-22,3693.23,5144270000
22-Sep-22,3757.99,4284600000
21-Sep-22,3789.93,4078330000
20-Sep-22,3855.93,4058050000
19-Sep-22,3899.89,3766850000
16-Sep-22,3873.33,7954650000
15-Sep-22,3901.35,4441830000
14-Sep-22,3946.01,4293240000
13-Sep-22,3932.69,4224550000
12-Sep-22,4110.41,3814200000
9-Sep-22,4067.36,3901940000
8-Sep-22,4006.18,3966850000
7-Sep-22,3979.87,3890320000
6-Sep-22,3908.19,4127340000
2-Sep-22,3924.26,3665850000
1-Sep-22,3966.85,4152250000
31-Aug-22,3955,4542490000
30-Aug-22,3986.16,3835860000
29-Aug-22,4030.61,3396510000
26-Aug-22,4057.66,3832750000
25-Aug-22,4199.12,3566870000
24-Aug-22,4140.77,3583630000
23-Aug-22,4128.73,3823520000
22-Aug-22,4137.99,3907430000
19-Aug-22,4228.48,3761340000
18-Aug-22,4283.74,3340330000
17-Aug-22,4274.04,3885030000
16-Aug-22,4305.2,4329820000
15-Aug-22,4297.14,3696830000
12-Aug-22,4280.15,3788010000
11-Aug-22,4207.27,4630200000
10-Aug-22,4210.24,4546010000
9-Aug-22,4122.47,3913090000
8-Aug-22,4140.06,4221090000
5-Aug-22,4145.19,4085940000
4-Aug-22,4151.94,4283320000
3-Aug-22,4155.17,4351760000
2-Aug-22,4091.19,4727710000
1-Aug-22,4118.63,4202810000
29-Jul-22,4130.29,4616360000
28-Jul-22,4072.43,4413000000
27-Jul-22,4023.61,4112180000
26-Jul-22,3921.05,3778950000
25-Jul-22,3966.84,3568340000
22-Jul-22,3961.63,3979240000
21-Jul-22,3998.95,4132790000
20-Jul-22,3959.9,4185300000
19-Jul-22,3936.69,4041070000
18-Jul-22,3830.85,4046870000
15-Jul-22,3863.16,4143800000
14-Jul-22,3790.38,4199690000
13-Jul-22,3801.78,4109390000
12-Jul-22,3818.8,3817210000
11-Jul-22,3854.43,3423480000
8-Jul-22,3899.38,3521620000
7-Jul-22,3902.62,4057770000
6-Jul-22,3845.08,4417720000
5-Jul-22,3831.39,5076590000
1-Jul-22,3825.33,4046950000
30-Jun-22,3785.38,4840070000
29-Jun-22,3818.83,4211240000
28-Jun-22,3821.55,4270120000
27-Jun-22,3900.11,4325310000
24-Jun-22,3911.74,8120260000
23-Jun-22,3795.73,5098640000
22-Jun-22,3759.89,5058990000
21-Jun-22,3764.79,5292260000
17-Jun-22,3674.84,8520740000
16-Jun-22,3666.77,5644930000
15-Jun-22,3789.99,5530480000
14-Jun-22,3735.48,5153890000
13-Jun-22,3749.63,5636890000
10-Jun-22,3900.86,4889640000
9-Jun-22,4017.82,4134170000
8-Jun-22,4115.77,4159470000
7-Jun-22,4160.68,4248210000
6-Jun-22,4121.43,4332700000
3-Jun-22,4108.54,3711110000
2-Jun-22,4176.82,4405790000
1-Jun-22,4101.23,4531800000
31-May-22,4132.15,6822640000
27-May-22,4158.24,4375620000
26-May-22,4057.84,4709970000
25-May-22,3978.73,4802560000
24-May-22,3941.48,4923190000
23-May-22,3973.75,4420030000
20-May-22,3901.36,5130730000
19-May-22,3900.79,5113550000
18-May-22,3923.68,5103220000
17-May-22,4088.85,4841410000
16-May-22,4008.01,4415030000
13-May-22,4023.89,5183340000
12-May-22,3930.08,6286450000
11-May-22,3935.18,5816140000
10-May-22,4001.05,5885820000
9-May-22,3991.24,5954520000
6-May-22,4123.34,5116940000
5-May-22,4146.87,5077030000
4-May-22,4300.17,5136360000
3-May-22,4175.48,4582050000
2-May-22,4155.38,5163790000
29-Apr-22,4131.93,5084030000
28-Apr-22,4287.5,4854180000
27-Apr-22,4183.96,4769680000
26-Apr-22,4175.2,4689970000
25-Apr-22,4296.12,5240040000
22-Apr-22,4271.78,4651940000
21-Apr-22,4393.66,4636890000
20-Apr-22,4459.45,4290450000
19-Apr-22,4462.21,4108120000
18-Apr-22,4391.69,3910490000
14-Apr-22,4392.59,4083090000
13-Apr-22,4446.59,3828150000
12-Apr-22,4397.45,4152090000
11-Apr-22,4412.53,4266290000
8-Apr-22,4488.28,4083200000
7-Apr-22,4500.21,4821490000
6-Apr-22,4481.15,4986830000
5-Apr-22,4525.12,4800620000
4-Apr-22,4582.64,4547350000
1-Apr-22,4545.86,4562940000
31-Mar-22,4530.41,4823020000
30-Mar-22,4602.45,4385570000
29-Mar-22,4631.6,5085910000
28-Mar-22,4575.52,4312260000
25-Mar-22,4543.06,4305020000
24-Mar-22,4520.16,4131390000
23-Mar-22,4456.24,4550670000
22-Mar-22,4511.61,4754840000
21-Mar-22,4461.18,4869820000
18-Mar-22,4463.12,8278430000
17-Mar-22,4411.67,4985090000
16-Mar-22,4357.86,6309750000
15-Mar-22,4262.45,5392470000
14-Mar-22,4173.11,5574920000
11-Mar-22,4204.31,4938640000
10-Mar-22,4259.52,4980830000
9-Mar-22,4277.88,5662670000
8-Mar-22,4170.7,7243120000
7-Mar-22,4201.09,6940470000
4-Mar-22,4328.87,5797380000
3-Mar-22,4363.49,5039890000
2-Mar-22,4386.54,5337870000
1-Mar-22,4306.26,5846230000
28-Feb-22,4373.94,6071370000
25-Feb-22,4384.65,5177060000
24-Feb-22,4288.7,6752130000
23-Feb-22,4225.5,4797430000
22-Feb-22,4304.76,5121900000
18-Feb-22,4348.87,4708060000
17-Feb-22,4380.26,4539420000
16-Feb-22,4475.01,4283640000
15-Feb-22,4471.07,4430830000
14-Feb-22,4401.67,4600390000
11-Feb-22,4418.64,5251500000
10-Feb-22,4504.08,5314860000
9-Feb-22,4587.18,4524350000
8-Feb-22,4521.54,4459620000
7-Feb-22,4483.87,4228480000
4-Feb-22,4500.53,4706290000
3-Feb-22,4477.44,4401970000
2-Feb-22,4589.38,4481580000
1-Feb-22,4546.54,4816830000
31-Jan-22,4515.55,5098610000
28-Jan-22,4431.85,5031090000
27-Jan-22,4326.51,5214200000
26-Jan-22,4349.93,5570640000
25-Jan-22,4356.45,5145050000
24-Jan-22,4410.13,6928110000
21-Jan-22,4397.94,5589100000
20-Jan-22,4482.73,4640870000
19-Jan-22,4532.76,4465740000
18-Jan-22,4577.11,4748700000
14-Jan-22,4662.85,4338490000
13-Jan-22,4659.03,4251730000
12-Jan-22,4726.35,4048220000
11-Jan-22,4713.07,4101590000
10-Jan-22,4670.29,4511810000
7-Jan-22,4677.03,4181510000
6-Jan-22,4696.05,4295280000
5-Jan-22,4700.58,4887960000
4-Jan-22,4793.54,4683170000
3-Jan-22,4796.56,3831020000
31-Dec-21,4766.18,2677820000
30-Dec-21,4778.73,3124950000
29-Dec-21,4793.06,2963310000
28-Dec-21,4786.35,2707920000
27-Dec-21,4791.19,2770290000
23-Dec-21,4725.79,2913040000
22-Dec-21,4696.56,3319610000
21-Dec-21,4649.23,4072430000
20-Dec-21,4568.02,4635700000
17-Dec-21,4620.64,7987090000
16-Dec-21,4668.67,4829500000
15-Dec-21,4709.85,4910130000
14-Dec-21,4634.09,4485430000
13-Dec-21,4668.97,4397230000
10-Dec-21,4712.02,3870110000
9-Dec-21,4667.45,3903840000
8-Dec-21,4701.21,4234600000
7-Dec-21,4686.75,4492400000
6-Dec-21,4591.67,4770800000
3-Dec-21,4538.43,5240070000
2-Dec-21,4577.1,5077180000
1-Dec-21,4513.04,5366730000
30-Nov-21,4567,6625990000
29-Nov-21,4655.27,4336410000
26-Nov-21,4594.62,3517700000
24-Nov-21,4701.46,3418430000
23-Nov-21,4690.7,4277590000
22-Nov-21,4682.94,4441100000
19-Nov-21,4697.96,4253180000
18-Nov-21,4704.54,4226410000
17-Nov-21,4688.67,3969070000
16-Nov-21,4700.9,3972640000
15-Nov-21,4682.8,3488410000
12-Nov-21,4682.85,3728600000
11-Nov-21,4649.27,3926870000
10-Nov-21,4646.71,4503720000
9-Nov-21,4685.25,4117080000
8-Nov-21,4701.7,4269710000
5-Nov-21,4697.53,4467180000
4-Nov-21,4680.06,4462300000
3-Nov-21,4660.57,4319660000
2-Nov-21,4630.65,3975250000
1-Nov-21,4613.67,3971540000
29-Oct-21,4605.38,4510200000
28-Oct-21,4596.42,4132950000
27-Oct-21,4551.68,4226050000
26-Oct-21,4574.79,3879740000
25-Oct-21,4566.48,3899400000
22-Oct-21,4544.9,3758220000
21-Oct-21,4549.78,3822330000
20-Oct-21,4536.19,3670760000
19-Oct-21,4519.63,3459130000
18-Oct-21,4486.46,3662010000
15-Oct-21,4471.37,3819380000
14-Oct-21,4438.26,3598280000
13-Oct-21,4363.8,3620070000
12-Oct-21,4350.65,3558450000
11-Oct-21,4361.19,3281970000
8-Oct-21,4391.34,3280160000
7-Oct-21,4399.76,3843740000
6-Oct-21,4363.55,4009630000
5-Oct-21,4345.72,3902890000
4-Oct-21,4300.46,4307870000
1-Oct-21,4357.04,4010370000
30-Sep-21,4307.54,4448140000
29-Sep-21,4359.46,3712660000
28-Sep-21,4352.63,4416550000
27-Sep-21,4443.11,4058650000
24-Sep-21,4455.48,3384290000
23-Sep-21,4448.98,3916350000
22-Sep-21,4395.64,3939170000
21-Sep-21,4354.19,3920920000
20-Sep-21,4357.73,4898070000
17-Sep-21,4432.99,7289530000
16-Sep-21,4473.75,3984560000
15-Sep-21,4480.7,4032020000
14-Sep-21,4443.05,3670460000
13-Sep-21,4468.73,3914220000
10-Sep-21,4458.58,3623180000
9-Sep-21,4493.28,3735390000
8-Sep-21,4514.07,3750880000
7-Sep-21,4520.03,3822960000
3-Sep-21,4535.43,3217530000
2-Sep-21,4536.95,3735990000
1-Sep-21,4524.09,4057340000
31-Aug-21,4522.68,4290710000
30-Aug-21,4528.79,3168660000
27-Aug-21,4509.37,3331200000
26-Aug-21,4470,3263980000
25-Aug-21,4496.19,3444700000
24-Aug-21,4486.23,3979220000
23-Aug-21,4479.53,3576530000
20-Aug-21,4441.67,3652610000
19-Aug-21,4405.8,4398410000
18-Aug-21,4400.27,3755590000
17-Aug-21,4448.08,3836960000
16-Aug-21,4479.71,3370640000
13-Aug-21,4468,3016470000
12-Aug-21,4460.83,3375310000
11-Aug-21,4442.41,3532560000
10-Aug-21,4436.75,3886610000
9-Aug-21,4432.35,3449280000
6-Aug-21,4436.52,3451870000
5-Aug-21,4429.1,3769410000
4-Aug-21,4402.66,4260760000
3-Aug-21,4423.15,3965190000
2-Aug-21,4387.16,3724090000
30-Jul-21,4395.26,3956740000
29-Jul-21,4419.15,4044600000
28-Jul-21,4400.64,4215290000
27-Jul-21,4401.46,4241950000
26-Jul-21,4422.3,4275630000
23-Jul-21,4411.79,4540070000
22-Jul-21,4367.48,3358300000
21-Jul-21,4358.69,3810280000
20-Jul-21,4323.06,4438270000
19-Jul-21,4258.49,5157660000
16-Jul-21,4327.16,3985700000
15-Jul-21,4360.03,3905230000
14-Jul-21,4374.3,4006370000
13-Jul-21,4369.21,3695430000
12-Jul-21,4384.63,3384460000
9-Jul-21,4369.55,3531120000
8-Jul-21,4320.82,4347500000
7-Jul-21,4358.13,4037380000
6-Jul-21,4343.54,4309570000
2-Jul-21,4352.34,3225840000
1-Jul-21,4319.94,3788230000
30-Jun-21,4297.5,4266040000
29-Jun-21,4291.8,3707150000
28-Jun-21,4290.61,4147890000
25-Jun-21,4280.7,7341450000
24-Jun-21,4266.49,3816660000
23-Jun-21,4241.84,3730350000
22-Jun-21,4246.44,3828390000
21-Jun-21,4224.79,4128950000
18-Jun-21,4166.45,6817010000
17-Jun-21,4221.86,5312680000
16-Jun-21,4223.7,4538350000
15-Jun-21,4246.59,4048940000
14-Jun-21,4255.15,4151200000
11-Jun-21,4247.44,3815010000
10-Jun-21,4239.18,4408210000
9-Jun-21,4219.55,4713260000
8-Jun-21,4227.26,4659620000
7-Jun-21,4226.52,4476920000
4-Jun-21,4229.89,4139790000
3-Jun-21,4192.85,5587970000
2-Jun-21,4208.12,5833670000
1-Jun-21,4202.04,5074670000
28-May-21,4204.11,4649250000
27-May-21,4200.88,6406310000
26-May-21,4195.99,4420890000
25-May-21,4188.13,4182250000
24-May-21,4197.05,3684800000
21-May-21,4155.86,3995250000
20-May-21,4159.12,3978880000
19-May-21,4115.68,4247450000
18-May-21,4127.83,4398150000
17-May-21,4163.29,4125050000
14-May-21,4173.85,4008880000
13-May-21,4112.5,4779540000
12-May-21,4063.04,4733070000
11-May-21,4152.1,4870710000
10-May-21,4188.43,4560700000
7-May-21,4232.6,4016080000
6-May-21,4201.62,4511000000
5-May-21,4167.59,4230920000
4-May-21,4164.66,4452460000
3-May-21,4192.66,4070220000
30-Apr-21,4181.17,4300880000
29-Apr-21,4211.47,4298680000
28-Apr-21,4183.18,3787360000
27-Apr-21,4186.72,3710700000
26-Apr-21,4187.62,3748320000
23-Apr-21,4180.17,3569880000
22-Apr-21,4134.98,4245140000
21-Apr-21,4173.42,3887250000
20-Apr-21,4134.94,4342650000
19-Apr-21,4163.26,3810290000
16-Apr-21,4185.47,4163820000
15-Apr-21,4170.42,4033420000
14-Apr-21,4124.66,3985350000
13-Apr-21,4141.59,3734720000
12-Apr-21,4127.99,3588900000
9-Apr-21,4128.8,3640390000
8-Apr-21,4097.17,3907100000
7-Apr-21,4079.95,4120810000
6-Apr-21,4073.94,4081270000
5-Apr-21,4077.91,4005030000
1-Apr-21,4019.87,4162130000
31-Mar-21,3972.89,4578050000
30-Mar-21,3958.55,4121510000
29-Mar-21,3971.09,4628180000
26-Mar-21,3974.54,5483160000
25-Mar-21,3909.52,4948340000
24-Mar-21,3889.14,4783020000
23-Mar-21,3910.52,4669010000
22-Mar-21,3940.59,4316260000
19-Mar-21,3913.1,7757420000
18-Mar-21,3915.46,5118590000
17-Mar-21,3974.12,4561660000
16-Mar-21,3962.71,4613080000
15-Mar-21,3968.94,4900100000
12-Mar-21,3943.34,4476280000
11-Mar-21,3939.34,5312880000
10-Mar-21,3898.81,5847380000
9-Mar-21,3875.44,5513560000
8-Mar-21,3821.35,5871710000
5-Mar-21,3841.94,6851070000
4-Mar-21,3768.47,7195400000
3-Mar-21,3819.72,6173660000
2-Mar-21,3870.29,5536010000
1-Mar-21,3901.82,5114820000
26-Feb-21,3811.15,6526070000
25-Feb-21,3829.34,6547470000
24-Feb-21,3925.43,6012790000
23-Feb-21,3881.37,6296610000
22-Feb-21,3876.5,5917100000
19-Feb-21,3906.71,4845320000
18-Feb-21,3913.97,4793650000
17-Feb-21,3931.33,4730650000
16-Feb-21,3932.59,5058990000
12-Feb-21,3934.83,4135060000
11-Feb-21,3916.38,4590960000
10-Feb-21,3909.88,4837070000
9-Feb-21,3911.23,4568320000
8-Feb-21,3915.59,4648360000
5-Feb-21,3886.83,4879470000
4-Feb-21,3871.74,4879240000
3-Feb-21,3830.17,4864870000
2-Feb-21,3826.31,5514090000
1-Feb-21,3773.86,5436230000
29-Jan-21,3714.24,6643370000
28-Jan-21,3787.38,6992770000
27-Jan-21,3750.77,9976520000
26-Jan-21,3849.62,6137500000
25-Jan-21,3855.36,7000840000
22-Jan-21,3841.47,5110890000
21-Jan-21,3853.07,4501760000
20-Jan-21,3851.85,4566190000
19-Jan-21,3798.91,5014440000
15-Jan-21,3768.25,5369820000
14-Jan-21,3795.54,5198480000
13-Jan-21,3809.84,4602510000
12-Jan-21,3801.19,4994950000
11-Jan-21,3799.61,4465430000
8-Jan-21,3824.68,4773040000
7-Jan-21,3803.79,5099160000
6-Jan-21,3748.14,6064110000
5-Jan-21,3726.86,4591020000
4-Jan-21,3700.65,5015000000
31-Dec-20,3756.07,3179040000
30-Dec-20,3732.04,3154850000
29-Dec-20,3727.04,3393290000
28-Dec-20,3735.36,3535460000
24-Dec-20,3703.06,1883780000
23-Dec-20,3690.01,3779160000
22-Dec-20,3687.26,4053310000
21-Dec-20,3694.92,4748580000
18-Dec-20,3709.41,7097100000
17-Dec-20,3722.48,4192810000
16-Dec-20,3701.17,4067040000
15-Dec-20,3694.62,4387080000
14-Dec-20,3647.49,4623850000
11-Dec-20,3663.46,4375470000
10-Dec-20,3668.1,4658480000
9-Dec-20,3672.82,5232800000
8-Dec-20,3702.25,4584390000
7-Dec-20,3691.96,4804500000
4-Dec-20,3699.12,5099620000
3-Dec-20,3666.72,5065340000
2-Dec-20,3669.01,5041250000
1-Dec-20,3662.45,5418480000
30-Nov-20,3621.63,6308410000
27-Nov-20,3638.35,2778390000
25-Nov-20,3629.65,4910440000
24-Nov-20,3635.41,6280290000
23-Nov-20,3577.59,5057550000
20-Nov-20,3557.54,4236370000
19-Nov-20,3581.87,4363370000
18-Nov-20,3567.79,5284810000
17-Nov-20,3609.53,4812180000
16-Nov-20,3626.91,5295510000
13-Nov-20,3585.15,4719580000
12-Nov-20,3537.01,4909660000
11-Nov-20,3572.66,4635560000
10-Nov-20,3545.53,6037470000
9-Nov-20,3550.5,8570510000
6-Nov-20,3509.44,4842460000
5-Nov-20,3510.45,4858150000
4-Nov-20,3443.44,4790400000
3-Nov-20,3369.16,4241380000
2-Nov-20,3310.24,4314690000
30-Oct-20,3269.96,4843930000
29-Oct-20,3310.11,4911860000
28-Oct-20,3271.03,5139970000
27-Oct-20,3390.68,3962400000
26-Oct-20,3400.97,4002210000
23-Oct-20,3465.39,3651600000
22-Oct-20,3453.49,4172060000
21-Oct-20,3435.56,4103960000
20-Oct-20,3443.12,3917850000
19-Oct-20,3426.92,4091080000
16-Oct-20,3483.81,4688030000
15-Oct-20,3483.34,3724550000
14-Oct-20,3488.67,3858510000
13-Oct-20,3511.93,3611100000
12-Oct-20,3534.22,3435760000
9-Oct-20,3477.14,3944090000
8-Oct-20,3446.83,3867640000
7-Oct-20,3419.44,3814750000
6-Oct-20,3360.97,4453390000
5-Oct-20,3408.6,3692720000
2-Oct-20,3348.42,3975180000
1-Oct-20,3380.8,4076340000
30-Sep-20,3363,4738640000
29-Sep-20,3335.47,3661590000
28-Sep-20,3351.6,3950910000
25-Sep-20,3298.46,3803330000
24-Sep-20,3246.59,4601920000
23-Sep-20,3236.92,4378650000
22-Sep-20,3315.57,3974510000
21-Sep-20,3281.06,4836070000
18-Sep-20,3319.47,7076400000
17-Sep-20,3357.01,4379840000
16-Sep-20,3385.49,4718900000
15-Sep-20,3401.2,4057190000
14-Sep-20,3383.54,3839580000
11-Sep-20,3340.97,3710090000
10-Sep-20,3339.19,4208630000
9-Sep-20,3398.96,3932520000
8-Sep-20,3331.84,4694330000
4-Sep-20,3426.96,4438720000
3-Sep-20,3455.06,4911830000
2-Sep-20,3580.84,4295640000
1-Sep-20,3526.65,4101490000
31-Aug-20,3500.31,4348280000
28-Aug-20,3508.01,3868510000
27-Aug-20,3484.55,3955890000
26-Aug-20,3478.73,3780530000
25-Aug-20,3443.62,3627650000
24-Aug-20,3431.28,3743410000
21-Aug-20,3397.16,3505010000
20-Aug-20,3385.51,3431040000
19-Aug-20,3374.85,3679480000
18-Aug-20,3389.78,3669550000
17-Aug-20,3381.99,3460330000
14-Aug-20,3372.85,3200060000
13-Aug-20,3373.43,3438730000
12-Aug-20,3380.35,3772250000
11-Aug-20,3333.69,4880540000
10-Aug-20,3360.47,4327920000
7-Aug-20,3351.28,4110030000
6-Aug-20,3349.16,4278930000
5-Aug-20,3327.77,4535060000
4-Aug-20,3306.51,4414380000
3-Aug-20,3294.61,4438940000
31-Jul-20,3271.12,5007530000
30-Jul-20,3246.22,4264920000
29-Jul-20,3258.44,4478200000
28-Jul-20,3218.44,4053180000
27-Jul-20,3239.41,3970310000
24-Jul-20,3215.63,3689410000
23-Jul-20,3235.66,4296760000
22-Jul-20,3276.02,4267160000
21-Jul-20,3257.3,4556610000
20-Jul-20,3251.84,3979340000
17-Jul-20,3224.73,4012850000
16-Jul-20,3215.57,3972860000
15-Jul-20,3226.56,4686830000
14-Jul-20,3197.52,4507140000
13-Jul-20,3155.22,4902440000
10-Jul-20,3185.04,4524190000
9-Jul-20,3152.05,4843650000
8-Jul-20,3169.94,4937310000
7-Jul-20,3145.32,4571330000
6-Jul-20,3179.72,4759160000
2-Jul-20,3130.01,4197720000
1-Jul-20,3115.86,4449230000
30-Jun-20,3100.29,4705850000
29-Jun-20,3053.24,4473970000
26-Jun-20,3009.05,8107850000
25-Jun-20,3083.76,4847690000
24-Jun-20,3050.33,5597680000
23-Jun-20,3131.29,4711850000
22-Jun-20,3117.86,4686690000
19-Jun-20,3097.74,8346650000
18-Jun-20,3115.34,4448690000
17-Jun-20,3113.49,4560450000
16-Jun-20,3124.74,5845810000
15-Jun-20,3066.59,5757480000
12-Jun-20,3041.31,5845330000
11-Jun-20,3002.1,7037320000
10-Jun-20,3190.14,6598870000
9-Jun-20,3207.18,6410930000
8-Jun-20,3232.39,8498300000
5-Jun-20,3193.93,8639300000
4-Jun-20,3112.35,6451290000
3-Jun-20,3122.87,6005560000
2-Jun-20,3080.82,5197150000
1-Jun-20,3055.73,4684170000
29-May-20,3044.31,7297550000
28-May-20,3029.73,5447020000
27-May-20,3036.13,6398000000
26-May-20,2991.77,5848500000
22-May-20,2955.45,3970860000
21-May-20,2948.51,4976620000
20-May-20,2971.61,5005380000
19-May-20,2922.94,4984330000
18-May-20,2953.91,6373670000
15-May-20,2863.7,5507700000
14-May-20,2852.5,5651130000
13-May-20,2820,6151650000
12-May-20,2870.12,5119630000
11-May-20,2930.19,4819730000
8-May-20,2929.8,4876030000
7-May-20,2881.19,5178790000
6-May-20,2848.42,4892570000
5-May-20,2868.44,5140290000
4-May-20,2842.74,4735930000
1-May-20,2830.71,4759810000
30-Apr-20,2912.43,6544980000
29-Apr-20,2939.51,6645640000
28-Apr-20,2863.39,5691160000
27-Apr-20,2878.48,5203930000
24-Apr-20,2836.74,5382810000
23-Apr-20,2797.8,5773530000
22-Apr-20,2799.31,5084920000
21-Apr-20,2736.56,5121010000
20-Apr-20,2823.16,5228630000
17-Apr-20,2874.56,5804810000
16-Apr-20,2799.55,5228810000
15-Apr-20,2783.36,5208000000
14-Apr-20,2846.06,5615730000
13-Apr-20,2761.63,5319530000
9-Apr-20,2789.82,7899550000
8-Apr-20,2749.98,5875710000
7-Apr-20,2659.41,7050410000
6-Apr-20,2663.68,6403840000
3-Apr-20,2488.65,6096970000
2-Apr-20,2526.9,6464190000
1-Apr-20,2470.5,5964000000
31-Mar-20,2584.59,6576210000
30-Mar-20,2626.65,5751120000
27-Mar-20,2541.47,6201670000
26-Mar-20,2630.07,7766990000
25-Mar-20,2475.56,8300010000
24-Mar-20,2447.33,7563150000
23-Mar-20,2237.4,7411380000
20-Mar-20,2304.92,9053950000
19-Mar-20,2409.39,7956100000
18-Mar-20,2398.1,8799300000
17-Mar-20,2529.19,8370250000
16-Mar-20,2386.13,7805450000
13-Mar-20,2711.02,8299070000
12-Mar-20,2480.64,8850810000
11-Mar-20,2741.38,7431200000
10-Mar-20,2882.23,7642040000
9-Mar-20,2746.56,8441290000
6-Mar-20,2972.37,6555240000
5-Mar-20,3023.94,5579290000
4-Mar-20,3130.12,5073020000
3-Mar-20,3003.37,6376510000
2-Mar-20,3090.23,6381330000
28-Feb-20,2954.22,8569570000
27-Feb-20,2978.76,7064710000
26-Feb-20,3116.39,5484650000
25-Feb-20,3128.21,5596760000
24-Feb-20,3225.89,4851160000
21-Feb-20,3337.75,3908780000
20-Feb-20,3373.23,4019180000
19-Feb-20,3386.15,3614200000
18-Feb-20,3370.29,3750400000
14-Feb-20,3380.16,3419700000
13-Feb-20,3373.94,3500890000
12-Feb-20,3379.45,3930910000
11-Feb-20,3357.75,3762940000
10-Feb-20,3352.09,3462730000
7-Feb-20,3327.71,3733920000
6-Feb-20,3345.78,3887250000
5-Feb-20,3334.69,4121480000
4-Feb-20,3297.59,3996900000
3-Feb-20,3248.92,3760460000
31-Jan-20,3225.52,4529700000
30-Jan-20,3283.66,3790350000
29-Jan-20,3273.4,3600250000
28-Jan-20,3276.24,3531570000
27-Jan-20,3243.63,3831050000
24-Jan-20,3295.47,3708780000
23-Jan-20,3325.54,3766710000
22-Jan-20,3321.75,3623780000
21-Jan-20,3320.79,4104840000
17-Jan-20,3329.62,3726220000
16-Jan-20,3316.81,3540580000
15-Jan-20,3289.29,3721490000
14-Jan-20,3283.15,3687620000
13-Jan-20,3288.13,3459390000
10-Jan-20,3265.35,3214580000
9-Jan-20,3274.7,3641230000
8-Jan-20,3253.05,3726840000
7-Jan-20,3237.18,3435910000
6-Jan-20,3246.28,3702460000
3-Jan-20,3234.85,3484700000
2-Jan-20,3257.85,3459930000
31-Dec-19,3230.78,2894760000
30-Dec-19,3221.29,3021720000
27-Dec-19,3240.02,2429150000
26-Dec-19,3239.91,2164540000
24-Dec-19,3223.38,1296530000
23-Dec-19,3224.01,3064530000
20-Dec-19,3221.22,6457480000
19-Dec-19,3205.37,3784360000
18-Dec-19,3191.14,4029950000
17-Dec-19,3192.52,3842940000
16-Dec-19,3191.45,4070200000
13-Dec-19,3168.8,3757650000
12-Dec-19,3168.57,4003200000
11-Dec-19,3141.63,3257650000
10-Dec-19,3132.52,3346310000
9-Dec-19,3135.96,3400470000
6-Dec-19,3145.91,3483310000
5-Dec-19,3117.43,3360480000
4-Dec-19,3112.76,3702980000
3-Dec-19,3093.2,3671580000
2-Dec-19,3113.87,3285750000
29-Nov-19,3140.98,1743420000
27-Nov-19,3153.63,3035470000
26-Nov-19,3140.52,4600450000
25-Nov-19,3133.64,3514310000
22-Nov-19,3110.29,3235270000
21-Nov-19,3103.54,3744010000
20-Nov-19,3108.46,4041010000
19-Nov-19,3120.18,3613670000
18-Nov-19,3122.03,3440140000
15-Nov-19,3120.46,3359800000
14-Nov-19,3096.63,3282090000
13-Nov-19,3094.04,3513720000
12-Nov-19,3091.84,3495560000
11-Nov-19,3087.01,3041120000
8-Nov-19,3093.08,3508160000
7-Nov-19,3085.18,4151990000
6-Nov-19,3076.78,4465510000
5-Nov-19,3074.62,4490590000
4-Nov-19,3078.27,4178040000
1-Nov-19,3066.91,3956290000
31-Oct-19,3037.56,4149310000
30-Oct-19,3046.77,3779660000
29-Oct-19,3036.89,3594430000
28-Oct-19,3039.42,3524970000
25-Oct-19,3022.55,3379060000
24-Oct-19,3010.29,3696510000
23-Oct-19,3004.52,3413600000
22-Oct-19,2995.99,3527540000
21-Oct-19,3006.72,3271960000
18-Oct-19,2986.2,3268970000
17-Oct-19,2997.95,3103470000
16-Oct-19,2989.69,3230320000
15-Oct-19,2995.68,3345090000
14-Oct-19,2966.15,2559270000
11-Oct-19,2970.27,3581320000
10-Oct-19,2938.13,3234400000
9-Oct-19,2919.4,2735350000
8-Oct-19,2893.06,3370700000
7-Oct-19,2938.79,2959050000
4-Oct-19,2952.01,3005600000
3-Oct-19,2910.63,3515130000
2-Oct-19,2887.61,3914180000
1-Oct-19,2940.25,3560750000
30-Sep-19,2976.74,3249130000
27-Sep-19,2961.79,3246480000
26-Sep-19,2977.62,3084910000
25-Sep-19,2984.87,3331200000
24-Sep-19,2966.6,3872800000
23-Sep-19,2991.78,3187250000
20-Sep-19,2992.07,6103440000
19-Sep-19,3006.79,3265660000
18-Sep-19,3006.73,3458800000
17-Sep-19,3005.7,3673250000
16-Sep-19,2997.96,4285860000
13-Sep-19,3007.39,3557010000
12-Sep-19,3009.57,3796990000
11-Sep-19,3000.93,3934370000
10-Sep-19,2979.39,4393040000
9-Sep-19,2978.43,4031120000
6-Sep-19,2978.71,3209340000
5-Sep-19,2976,3902600000
4-Sep-19,2937.78,3167900000
3-Sep-19,2906.27,3427830000
30-Aug-19,2926.46,3009910000
29-Aug-19,2924.58,3177150000
28-Aug-19,2887.94,3102480000
27-Aug-19,2869.16,3537490000
26-Aug-19,2878.38,2859790000
23-Aug-19,2847.11,3942520000
22-Aug-19,2922.95,2893660000
21-Aug-19,2924.43,3016540000
20-Aug-19,2900.51,3067710000
19-Aug-19,2923.65,3221050000
16-Aug-19,2888.68,3524080000
15-Aug-19,2847.6,4041720000
14-Aug-19,2840.6,4325150000
13-Aug-19,2926.32,3857190000
12-Aug-19,2882.7,3328570000
9-Aug-19,2918.65,3356850000
8-Aug-19,2938.09,4118530000
7-Aug-19,2883.98,4512720000
6-Aug-19,2881.77,4156640000
5-Aug-19,2844.74,4542850000
2-Aug-19,2932.05,3882810000
1-Aug-19,2953.56,4793810000
31-Jul-19,2980.38,4626330000
30-Jul-19,3013.18,3632770000
29-Jul-19,3020.97,3224490000
26-Jul-19,3025.86,3260170000
25-Jul-19,3003.67,3657050000
24-Jul-19,3019.56,3433220000
23-Jul-19,3005.47,3333810000
22-Jul-19,2985.03,3016200000
19-Jul-19,2976.61,3285890000
18-Jul-19,2995.11,3369820000
17-Jul-19,2984.42,3185650000
16-Jul-19,3004.04,3297030000
15-Jul-19,3014.3,2876100000
12-Jul-19,3013.77,2984140000
11-Jul-19,2999.91,3155710000
10-Jul-19,2993.07,3157800000
9-Jul-19,2979.63,3033330000
8-Jul-19,2975.95,2922360000
5-Jul-19,2990.41,2434680000
3-Jul-19,2995.82,1963570000
2-Jul-19,2973.01,3224490000
1-Jul-19,2964.33,3524860000
28-Jun-19,2941.76,5422650000
27-Jun-19,2924.92,3162500000
26-Jun-19,2913.78,3511350000
25-Jun-19,2917.38,3579430000
24-Jun-19,2945.35,3136960000
21-Jun-19,2950.46,5003540000
20-Jun-19,2954.18,3943060000
19-Jun-19,2926.46,3300220000
18-Jun-19,2917.75,3441540000
17-Jun-19,2889.67,2828400000
14-Jun-19,2886.98,2992810000
13-Jun-19,2891.64,3100640000
12-Jun-19,2879.84,3039870000
11-Jun-19,2885.72,3551000000
10-Jun-19,2886.73,3209890000
7-Jun-19,2873.34,3244380000
6-Jun-19,2843.49,3445140000
5-Jun-19,2826.15,3570760000
4-Jun-19,2803.27,3814130000
3-Jun-19,2744.45,3952360000
31-May-19,2752.06,3982670000
30-May-19,2788.86,3276030000
29-May-19,2783.02,3701110000
28-May-19,2802.39,4146980000
24-May-19,2826.06,2889230000
23-May-19,2822.24,3899320000
22-May-19,2856.27,3194000000
21-May-19,2864.36,3223050000
20-May-19,2840.23,3293750000
17-May-19,2859.53,3316040000
16-May-19,2876.32,3338470000
15-May-19,2850.96,3140900000
14-May-19,2834.41,3354860000
13-May-19,2811.87,3900270000
10-May-19,2881.4,3566780000
9-May-19,2870.72,3659050000
8-May-19,2879.42,3543110000
7-May-19,2884.05,3793060000
6-May-19,2932.47,3203260000
3-May-19,2945.64,3357180000
2-May-19,2917.52,3802290000
1-May-19,2923.73,3669330000
30-Apr-19,2945.83,3939760000
29-Apr-19,2943.03,3150390000
26-Apr-19,2939.88,3264390000
25-Apr-19,2926.17,3440010000
24-Apr-19,2927.25,3468480000
23-Apr-19,2933.68,3674480000
22-Apr-19,2907.97,3010130000
18-Apr-19,2905.03,3507100000
17-Apr-19,2900.45,3648100000
16-Apr-19,2907.06,3403120000
15-Apr-19,2905.58,3114530000
12-Apr-19,2907.41,3726050000
11-Apr-19,2888.32,2970650000
10-Apr-19,2888.21,3092230000
9-Apr-19,2878.2,3032480000
8-Apr-19,2895.77,3056460000
5-Apr-19,2892.74,3155970000
4-Apr-19,2879.39,3038740000
3-Apr-19,2873.4,3570000000
2-Apr-19,2867.24,3267210000
1-Apr-19,2867.19,3560090000
29-Mar-19,2834.4,3752520000
28-Mar-19,2815.44,3185460000
27-Mar-19,2805.37,3422400000
26-Mar-19,2818.46,3288570000
25-Mar-19,2798.36,3406110000
22-Mar-19,2800.71,4253730000
21-Mar-19,2854.88,3612620000
20-Mar-19,2824.23,3779160000
19-Mar-19,2832.57,3650740000
18-Mar-19,2832.94,3620770000
15-Mar-19,2822.48,5969780000
14-Mar-19,2808.48,3505670000
13-Mar-19,2810.92,3782250000
12-Mar-19,2791.52,3432340000
11-Mar-19,2783.3,3764850000
8-Mar-19,2743.07,3424300000
7-Mar-19,2748.93,3932150000
6-Mar-19,2771.45,3800180000
5-Mar-19,2789.65,3631380000
4-Mar-19,2792.81,3949730000
1-Mar-19,2803.69,3994950000
28-Feb-19,2784.49,4445780000
27-Feb-19,2792.38,3771790000
26-Feb-19,2793.9,3676200000
25-Feb-19,2796.11,3860260000
22-Feb-19,2792.67,3429350000
21-Feb-19,2774.88,3598260000
20-Feb-19,2784.7,3904830000
19-Feb-19,2779.76,3535270000
15-Feb-19,2775.6,3648680000
14-Feb-19,2745.73,3845390000
13-Feb-19,2753.03,3684910000
12-Feb-19,2744.73,3843020000
11-Feb-19,2709.8,3395330000
8-Feb-19,2707.88,3649510000
7-Feb-19,2706.05,4114040000
6-Feb-19,2731.61,3486590000
5-Feb-19,2737.7,3597620000
4-Feb-19,2724.87,3369450000
1-Feb-19,2706.53,3782490000
31-Jan-19,2704.1,4953800000
30-Jan-19,2681.05,3883270000
29-Jan-19,2640,3518070000
28-Jan-19,2643.85,3630820000
25-Jan-19,2664.76,3821000000
24-Jan-19,2642.33,3449230000
23-Jan-19,2638.7,3358770000
22-Jan-19,2632.9,3923950000
18-Jan-19,2670.71,4009010000
17-Jan-19,2635.96,3802410000
16-Jan-19,2616.1,3882180000
15-Jan-19,2610.3,3601180000
14-Jan-19,2582.61,3689370000
11-Jan-19,2596.26,3447460000
10-Jan-19,2596.64,3721300000
9-Jan-19,2584.96,4088740000
8-Jan-19,2574.41,4120060000
7-Jan-19,2549.69,4133120000
4-Jan-19,2531.94,4234140000
3-Jan-19,2447.89,3858830000
2-Jan-19,2510.03,3733160000
31-Dec-18,2506.85,3461920000
28-Dec-18,2485.74,3728440000
27-Dec-18,2488.83,4139010000
26-Dec-18,2467.7,4249740000
24-Dec-18,2351.1,2613670000
21-Dec-18,2416.62,7657890000
20-Dec-18,2467.42,5619780000
19-Dec-18,2506.96,5152830000
18-Dec-18,2546.16,4519190000
17-Dec-18,2545.94,4661420000
14-Dec-18,2599.95,4064370000
13-Dec-18,2650.54,3978340000
12-Dec-18,2651.07,4029300000
11-Dec-18,2636.78,3963440000
10-Dec-18,2637.72,4162880000
7-Dec-18,2633.08,4242240000
6-Dec-18,2695.95,5180430000
4-Dec-18,2700.06,4515710000
3-Dec-18,2790.37,4221580000
30-Nov-18,2760.17,4668310000
29-Nov-18,2737.8,3599200000
28-Nov-18,2743.79,3984540000
27-Nov-18,2682.17,3494380000
26-Nov-18,2673.45,3523520000
23-Nov-18,2632.56,1651680000
21-Nov-18,2649.93,3237400000
20-Nov-18,2641.89,4370820000
19-Nov-18,2690.73,3806940000
16-Nov-18,2736.27,3996970000
15-Nov-18,2730.2,4204960000
14-Nov-18,2701.58,4449060000
13-Nov-18,2722.18,4112820000
12-Nov-18,2726.22,3701570000
9-Nov-18,2781.01,4029030000
8-Nov-18,2806.83,3673550000
7-Nov-18,2813.89,3929080000
6-Nov-18,2755.45,3543800000
5-Nov-18,2738.31,3650910000
2-Nov-18,2723.06,4261230000
1-Nov-18,2740.37,4730250000
31-Oct-18,2711.74,5133380000
30-Oct-18,2682.63,5125600000
29-Oct-18,2641.25,4701260000
26-Oct-18,2658.69,4804330000
25-Oct-18,2705.57,4663930000
24-Oct-18,2656.1,4738670000
23-Oct-18,2740.69,4373710000
22-Oct-18,2755.88,3331270000
19-Oct-18,2767.78,3593940000
18-Oct-18,2768.78,3639300000
17-Oct-18,2809.21,3347090000
16-Oct-18,2809.92,3460260000
15-Oct-18,2750.79,3327160000
12-Oct-18,2767.13,4024010000
11-Oct-18,2728.37,4914090000
10-Oct-18,2785.68,4554260000
9-Oct-18,2880.34,3531690000
8-Oct-18,2884.43,3381820000
5-Oct-18,2885.57,3340820000
4-Oct-18,2901.61,3510370000
3-Oct-18,2925.51,3625510000
2-Oct-18,2923.43,3432620000
1-Oct-18,2924.59,3375890000
28-Sep-18,2913.98,3461680000
27-Sep-18,2914,3101360000
26-Sep-18,2905.97,3417540000
25-Sep-18,2915.56,3330880000
24-Sep-18,2919.37,3392030000
21-Sep-18,2929.67,5652470000
20-Sep-18,2930.75,3406520000
19-Sep-18,2907.95,3302460000
18-Sep-18,2904.31,3091190000
17-Sep-18,2888.8,2967980000
14-Sep-18,2904.98,3179410000
13-Sep-18,2904.18,3274090000
12-Sep-18,2888.92,3341280000
11-Sep-18,2887.89,2904500000
10-Sep-18,2877.13,2751100000
7-Sep-18,2871.68,2976580000
6-Sep-18,2878.05,3144240000
5-Sep-18,2888.6,3248780000
4-Sep-18,2896.72,3087420000
31-Aug-18,2901.52,2887220000
30-Aug-18,2901.13,2810450000
29-Aug-18,2914.04,2805520000
28-Aug-18,2897.52,2687770000
27-Aug-18,2896.74,2865070000
24-Aug-18,2874.69,2603010000
23-Aug-18,2856.98,2724450000
22-Aug-18,2861.82,2701250000
21-Aug-18,2862.96,3174010000
20-Aug-18,2857.05,2757150000
17-Aug-18,2850.13,3037640000
16-Aug-18,2840.69,3232000000
15-Aug-18,2818.37,3656680000
14-Aug-18,2839.96,2986500000
13-Aug-18,2821.93,3173630000
10-Aug-18,2833.28,3265590000
9-Aug-18,2853.58,3066180000
8-Aug-18,2857.7,2978070000
7-Aug-18,2858.45,3185440000
6-Aug-18,2850.4,2879020000
3-Aug-18,2840.35,3043690000
2-Aug-18,2827.22,3501380000
1-Aug-18,2813.36,3501350000
31-Jul-18,2816.29,3906890000
30-Jul-18,2802.6,3261190000
27-Jul-18,2818.82,3434370000
26-Jul-18,2837.44,3667290000
25-Jul-18,2846.07,3584400000
24-Jul-18,2820.4,3430410000
23-Jul-18,2806.98,2928490000
20-Jul-18,2801.83,3243250000
19-Jul-18,2804.49,3278360000
18-Jul-18,2815.62,3111560000
17-Jul-18,2809.55,3064920000
16-Jul-18,2798.43,2819860000
13-Jul-18,2801.31,2619790000
12-Jul-18,2798.29,2834230000
11-Jul-18,2774.02,2986180000
10-Jul-18,2793.84,3080140000
9-Jul-18,2784.17,3070060000
6-Jul-18,2759.82,2590250000
5-Jul-18,2736.61,2980160000
3-Jul-18,2713.22,1911460000
2-Jul-18,2726.71,3095040000
29-Jun-18,2718.37,3586800000
28-Jun-18,2716.31,3461100000
27-Jun-18,2699.63,3803990000
26-Jun-18,2723.06,3568900000
25-Jun-18,2717.07,3663280000
22-Jun-18,2754.88,5468110000
21-Jun-18,2749.76,3336580000
20-Jun-18,2767.32,3332140000
19-Jun-18,2762.59,3671160000
18-Jun-18,2773.75,3316120000
15-Jun-18,2779.66,5451990000
14-Jun-18,2782.49,3540930000
13-Jun-18,2775.63,3820770000
12-Jun-18,2786.85,3435700000
11-Jun-18,2782,3262130000
8-Jun-18,2779.03,3138850000
7-Jun-18,2770.37,3742080000
6-Jun-18,2772.35,3662780000
5-Jun-18,2748.8,3523550000
4-Jun-18,2746.87,3410090000
1-Jun-18,2734.62,3694310000
31-May-18,2705.27,4241100000
30-May-18,2724.01,3566490000
29-May-18,2689.86,3743310000
25-May-18,2721.33,3015260000
24-May-18,2727.76,3285750000
23-May-18,2733.29,3333160000
22-May-18,2724.44,3384140000
21-May-18,2733.01,3053480000
18-May-18,2712.97,3383270000
17-May-18,2720.13,3478150000
16-May-18,2722.46,3248480000
15-May-18,2711.45,3291190000
14-May-18,2730.13,2994360000
11-May-18,2727.72,2874850000
10-May-18,2723.07,3380640000
9-May-18,2697.79,3913650000
8-May-18,2671.92,3745100000
7-May-18,2672.63,3266810000
4-May-18,2663.42,3335260000
3-May-18,2629.73,3867530000
2-May-18,2635.67,4047020000
1-May-18,2654.8,3562820000
30-Apr-18,2648.05,3749510000
27-Apr-18,2669.91,3234510000
26-Apr-18,2666.94,3690920000
25-Apr-18,2639.4,3563680000
24-Apr-18,2634.56,3716020000
23-Apr-18,2670.29,3030390000
20-Apr-18,2670.14,3428260000
19-Apr-18,2693.13,3375120000
18-Apr-18,2708.64,3412030000
17-Apr-18,2706.39,3286190000
16-Apr-18,2677.84,3020740000
13-Apr-18,2656.3,2988540000
12-Apr-18,2663.99,3045330000
11-Apr-18,2642.19,3054520000
10-Apr-18,2656.87,3579130000
9-Apr-18,2613.16,3076140000
6-Apr-18,2604.47,3312390000
5-Apr-18,2662.84,3230430000
4-Apr-18,2644.69,3369230000
3-Apr-18,2614.45,3395840000
2-Apr-18,2581.88,3635780000
29-Mar-18,2640.87,3572360000
28-Mar-18,2605,3875720000
27-Mar-18,2612.62,3761320000
26-Mar-18,2658.55,3538080000
23-Mar-18,2588.26,3829380000
22-Mar-18,2643.69,3765460000
21-Mar-18,2711.93,3434780000
20-Mar-18,2716.94,3272590000
19-Mar-18,2712.92,3327460000
16-Mar-18,2752.01,5429140000
15-Mar-18,2747.33,3543710000
14-Mar-18,2749.48,3394630000
13-Mar-18,2765.31,3324290000
12-Mar-18,2783.02,3216960000
9-Mar-18,2786.57,3376870000
8-Mar-18,2738.97,3206040000
7-Mar-18,2726.8,3406690000
6-Mar-18,2728.12,3389030000
5-Mar-18,2720.94,3733640000
2-Mar-18,2691.25,3891250000
1-Mar-18,2677.67,4514490000
28-Feb-18,2713.83,4244570000
27-Feb-18,2744.28,3752070000
26-Feb-18,2779.6,3436590000
23-Feb-18,2747.3,3200360000
22-Feb-18,2703.96,3720620000
21-Feb-18,2701.33,3789040000
20-Feb-18,2716.26,3646920000
16-Feb-18,2732.22,3646920000
15-Feb-18,2731.2,3696140000
14-Feb-18,2698.63,4011940000
13-Feb-18,2662.94,3503540000
12-Feb-18,2656,4069220000
9-Feb-18,2619.55,5690110000
8-Feb-18,2581,5333840000
7-Feb-18,2681.66,4646300000
6-Feb-18,2695.14,5917350000
5-Feb-18,2648.94,5310840000
2-Feb-18,2762.13,4340220000
1-Feb-18,2821.98,3977380000
31-Jan-18,2823.81,4276270000
30-Jan-18,2822.43,4012070000
29-Jan-18,2853.53,3587420000
26-Jan-18,2872.87,3474680000
25-Jan-18,2839.25,3873100000
24-Jan-18,2837.54,4079270000
23-Jan-18,2839.13,3541140000
22-Jan-18,2832.97,3489480000
19-Jan-18,2810.3,3724230000
18-Jan-18,2798.03,3703300000
17-Jan-18,2802.56,3790340000
16-Jan-18,2776.42,4362880000
12-Jan-18,2786.24,3587220000
11-Jan-18,2767.56,3645690000
10-Jan-18,2748.23,3579900000
9-Jan-18,2751.29,3467460000
8-Jan-18,2747.71,3246160000
5-Jan-18,2743.15,3239280000
4-Jan-18,2723.99,3697340000
3-Jan-18,2713.06,3544030000
2-Jan-18,2695.81,3397430000
29-Dec-17,2673.61,2447760000
28-Dec-17,2687.54,2174890000
27-Dec-17,2682.62,2202900000
26-Dec-17,2680.5,1970660000
22-Dec-17,2683.34,2401030000
21-Dec-17,2684.57,3293130000
20-Dec-17,2679.25,3246230000
19-Dec-17,2681.47,3407680000
18-Dec-17,2690.16,3727770000
15-Dec-17,2675.81,5736910000
14-Dec-17,2652.01,3442760000
13-Dec-17,2662.85,3568360000
12-Dec-17,2664.11,3568910000
11-Dec-17,2659.99,3141480000
8-Dec-17,2651.5,3126750000
7-Dec-17,2636.98,3297060000
6-Dec-17,2629.27,3253080000
5-Dec-17,2629.57,3547570000
4-Dec-17,2639.44,4025840000
1-Dec-17,2642.22,3950930000
30-Nov-17,2647.58,4965700000
29-Nov-17,2626.07,4090630000
28-Nov-17,2627.04,3493340000
27-Nov-17,2601.42,3017720000
24-Nov-17,2602.42,1385890000
22-Nov-17,2597.08,2764110000
21-Nov-17,2599.03,3351230000
20-Nov-17,2582.14,3023940000
17-Nov-17,2578.85,3309800000
16-Nov-17,2585.64,3329730000
15-Nov-17,2564.62,3586590000
14-Nov-17,2578.87,3643580000
13-Nov-17,2584.84,3405200000
10-Nov-17,2582.3,3489740000
9-Nov-17,2584.62,3844100000
8-Nov-17,2594.38,3898450000
7-Nov-17,2590.64,3815190000
6-Nov-17,2591.13,3541970000
3-Nov-17,2587.84,3568710000
2-Nov-17,2579.85,4050140000
1-Nov-17,2579.36,3841200000
31-Oct-17,2575.26,3844420000
30-Oct-17,2572.83,3660230000
27-Oct-17,2581.07,3896100000
26-Oct-17,2560.4,3891750000
25-Oct-17,2557.15,3885470000
24-Oct-17,2569.13,3435660000
23-Oct-17,2564.98,3214470000
20-Oct-17,2575.21,3394450000
19-Oct-17,2562.1,3019520000
18-Oct-17,2561.26,2999320000
17-Oct-17,2559.36,2901890000
16-Oct-17,2557.64,2918030000
13-Oct-17,2553.17,3150470000
12-Oct-17,2550.93,3157280000
11-Oct-17,2555.24,2991320000
10-Oct-17,2550.64,2962610000
9-Oct-17,2544.73,2486940000
6-Oct-17,2549.33,2898270000
5-Oct-17,2552.07,3059730000
4-Oct-17,2537.74,3020770000
3-Oct-17,2534.58,3073480000
2-Oct-17,2529.12,3226370000
29-Sep-17,2519.36,3220260000
28-Sep-17,2510.06,3173030000
27-Sep-17,2507.04,3485070000
26-Sep-17,2496.84,3070770000
25-Sep-17,2496.66,3314530000
22-Sep-17,2502.22,2877980000
21-Sep-17,2500.6,2965590000
20-Sep-17,2508.24,3584570000
19-Sep-17,2506.65,3253760000
18-Sep-17,2503.87,3204700000
15-Sep-17,2500.23,4862970000
14-Sep-17,2495.62,3422470000
13-Sep-17,2498.37,3371370000
12-Sep-17,2496.48,3234280000
11-Sep-17,2488.11,3293460000
8-Sep-17,2461.43,3308360000
7-Sep-17,2465.1,3365780000
6-Sep-17,2465.54,3400200000
5-Sep-17,2457.85,3502190000
1-Sep-17,2476.55,2712780000
31-Aug-17,2471.65,3353860000
30-Aug-17,2457.59,2637780000
29-Aug-17,2446.3,2739460000
28-Aug-17,2444.24,2682920000
25-Aug-17,2443.05,2593350000
24-Aug-17,2438.97,2849680000
23-Aug-17,2444.04,2796950000
22-Aug-17,2452.51,2780990000
21-Aug-17,2428.37,2803650000
18-Aug-17,2425.55,3426970000
17-Aug-17,2430.01,3164950000
16-Aug-17,2468.11,2956570000
15-Aug-17,2464.61,2922430000
14-Aug-17,2465.84,2824320000
11-Aug-17,2441.32,3161830000
10-Aug-17,2438.21,3635820000
9-Aug-17,2474.02,3310960000
8-Aug-17,2474.92,3347480000
7-Aug-17,2480.91,2935130000
4-Aug-17,2476.83,3239980000
3-Aug-17,2472.16,3662410000
2-Aug-17,2477.57,3487150000
1-Aug-17,2476.35,3470260000
31-Jul-17,2470.3,3475930000
28-Jul-17,2472.1,3302850000
27-Jul-17,2475.42,4035740000
26-Jul-17,2477.83,3597830000
25-Jul-17,2477.13,4116360000
24-Jul-17,2469.91,3019920000
21-Jul-17,2472.54,3066880000
20-Jul-17,2473.45,3223820000
19-Jul-17,2473.83,3063810000
18-Jul-17,2460.61,2974090000
17-Jul-17,2459.14,2800580000
14-Jul-17,2459.27,2738460000
13-Jul-17,2447.83,3068510000
12-Jul-17,2443.25,3176900000
11-Jul-17,2425.53,3108800000
10-Jul-17,2427.43,3009880000
7-Jul-17,2425.18,2929390000
6-Jul-17,2409.75,3368710000
5-Jul-17,2432.54,3368150000
3-Jul-17,2429.01,1901480000
30-Jun-17,2423.41,3366030000
29-Jun-17,2419.7,3869560000
28-Jun-17,2440.69,3479980000
27-Jun-17,2419.38,3564770000
26-Jun-17,2439.07,3243660000
23-Jun-17,2438.3,5282460000
22-Jun-17,2434.5,3477250000
21-Jun-17,2435.61,3599190000
20-Jun-17,2437.03,3422700000
19-Jun-17,2453.46,3271480000
16-Jun-17,2433.15,5299380000
15-Jun-17,2432.46,3371980000
14-Jun-17,2437.92,3558640000
13-Jun-17,2440.35,3278240000
12-Jun-17,2429.39,4031840000
9-Jun-17,2431.77,4029860000
8-Jun-17,2433.79,3735980000
7-Jun-17,2433.14,3576220000
6-Jun-17,2429.33,3376750000
5-Jun-17,2436.1,2916720000
2-Jun-17,2439.07,3465500000
1-Jun-17,2430.06,3860620000
31-May-17,2411.8,4518040000
30-May-17,2412.91,3205860000
26-May-17,2415.82,2806930000
25-May-17,2415.07,3538210000
24-May-17,2404.39,3389240000
23-May-17,2398.42,3216560000
22-May-17,2394.02,3176580000
19-May-17,2381.73,3831700000
18-May-17,2365.72,4319440000
17-May-17,2357.03,4164760000
16-May-17,2400.67,3421810000
15-May-17,2402.32,3490080000
12-May-17,2390.9,3304620000
11-May-17,2394.44,3727710000
10-May-17,2399.63,3649370000
9-May-17,2396.92,3657840000
8-May-17,2399.38,3429990000
5-May-17,2399.29,3543240000
4-May-17,2389.52,4367860000
3-May-17,2388.13,3896760000
2-May-17,2391.17,3861360000
1-May-17,2388.33,3201500000
28-Apr-17,2384.2,3721350000
27-Apr-17,2388.77,4099940000
26-Apr-17,2387.45,4111350000
25-Apr-17,2388.61,4005820000
24-Apr-17,2374.15,3711170000
21-Apr-17,2348.69,3524160000
20-Apr-17,2355.84,3648990000
19-Apr-17,2338.17,3521160000
18-Apr-17,2342.19,3272210000
17-Apr-17,2349.01,2826890000
13-Apr-17,2328.95,3146380000
12-Apr-17,2344.93,3201300000
11-Apr-17,2353.78,3120900000
10-Apr-17,2357.16,2792570000
7-Apr-17,2355.54,3054700000
6-Apr-17,2357.49,3203250000
5-Apr-17,2352.95,3780650000
4-Apr-17,2360.16,3208340000
3-Apr-17,2358.84,3418730000
31-Mar-17,2362.72,3356740000
30-Mar-17,2368.06,3159680000
29-Mar-17,2361.13,3107670000
28-Mar-17,2358.57,3369120000
27-Mar-17,2341.59,3242300000
24-Mar-17,2343.98,2978530000
23-Mar-17,2345.96,3262400000
22-Mar-17,2348.45,3575160000
21-Mar-17,2344.02,4278890000
20-Mar-17,2373.47,3061560000
17-Mar-17,2378.25,5179820000
16-Mar-17,2381.38,3368880000
15-Mar-17,2385.26,3909490000
14-Mar-17,2365.45,3173760000
13-Mar-17,2373.47,3166650000
10-Mar-17,2372.6,3434400000
9-Mar-17,2364.87,3718450000
8-Mar-17,2362.98,3814080000
7-Mar-17,2368.39,3526300000
6-Mar-17,2375.31,3251800000
3-Mar-17,2383.12,3556670000
2-Mar-17,2381.92,3824030000
1-Mar-17,2395.96,4347630000
28-Feb-17,2363.64,4212460000
27-Feb-17,2369.75,3584680000
24-Feb-17,2367.34,3832410000
23-Feb-17,2363.81,4021770000
22-Feb-17,2362.82,3473170000
21-Feb-17,2365.38,3587520000
17-Feb-17,2351.16,3516830000
16-Feb-17,2347.22,3675900000
15-Feb-17,2349.25,3785870000
14-Feb-17,2337.58,3528040000
13-Feb-17,2328.25,3352370000
10-Feb-17,2316.1,3496600000
9-Feb-17,2307.87,3681600000
8-Feb-17,2294.67,3611950000
7-Feb-17,2293.08,3452460000
6-Feb-17,2292.56,3112390000
3-Feb-17,2297.42,3605970000
2-Feb-17,2280.85,3809760000
1-Feb-17,2279.55,3919190000
31-Jan-17,2278.87,4089730000
30-Jan-17,2280.9,3595040000
27-Jan-17,2294.69,3137420000
26-Jan-17,2296.68,3611510000
25-Jan-17,2298.37,3849340000
24-Jan-17,2280.07,3816950000
23-Jan-17,2265.2,3155240000
20-Jan-17,2271.31,3536850000
19-Jan-17,2263.69,3168390000
18-Jan-17,2271.89,3317670000
17-Jan-17,2267.89,3586950000
13-Jan-17,2274.64,3090680000
12-Jan-17,2270.44,3466220000
11-Jan-17,2275.32,3625080000
10-Jan-17,2268.9,3640560000
9-Jan-17,2268.9,3219730000
6-Jan-17,2276.98,3342080000
5-Jan-17,2269,3785080000
4-Jan-17,2270.75,3768890000
3-Jan-17,2257.83,3773010000
30-Dec-16,2238.83,2671550000
29-Dec-16,2249.26,2338700000
28-Dec-16,2249.92,2402750000
27-Dec-16,2268.88,1989730000
23-Dec-16,2263.79,2021230000
22-Dec-16,2260.96,2880670000
21-Dec-16,2265.18,2854880000
20-Dec-16,2270.76,3306250000
19-Dec-16,2262.53,3252840000
16-Dec-16,2258.07,5928980000
15-Dec-16,2262.03,4173360000
14-Dec-16,2253.28,4409670000
13-Dec-16,2271.72,3875630000
12-Dec-16,2256.96,4038850000
9-Dec-16,2259.53,3886460000
8-Dec-16,2246.19,4203270000
7-Dec-16,2241.35,4504070000
6-Dec-16,2212.23,3857290000
5-Dec-16,2204.71,3898530000
2-Dec-16,2191.95,3782370000
1-Dec-16,2191.08,5067470000
30-Nov-16,2198.81,5538400000
29-Nov-16,2204.66,3709190000
28-Nov-16,2201.72,3515100000
25-Nov-16,2213.35,1584590000
23-Nov-16,2204.72,3419850000
22-Nov-16,2202.94,3960520000
21-Nov-16,2198.18,3611500000
18-Nov-16,2181.9,3580900000
17-Nov-16,2187.12,3811730000
16-Nov-16,2176.94,3847900000
15-Nov-16,2180.39,4548110000
14-Nov-16,2164.2,5373670000
11-Nov-16,2164.45,4993990000
10-Nov-16,2167.48,6458450000
9-Nov-16,2163.26,6267590000
8-Nov-16,2139.56,3921850000
7-Nov-16,2131.52,3739720000
4-Nov-16,2085.18,3841910000
3-Nov-16,2088.66,3892100000
2-Nov-16,2097.94,4289120000
1-Nov-16,2111.72,4539190000
31-Oct-16,2126.15,3926560000
28-Oct-16,2126.41,4028270000
27-Oct-16,2133.04,4209400000
26-Oct-16,2139.43,3778120000
25-Oct-16,2143.16,3756200000
24-Oct-16,2151.33,3359950000
21-Oct-16,2141.16,3456390000
20-Oct-16,2141.34,3339320000
19-Oct-16,2144.29,3364990000
18-Oct-16,2139.6,3172940000
17-Oct-16,2126.5,2832440000
14-Oct-16,2132.98,3187910000
13-Oct-16,2132.55,3538030000
12-Oct-16,2139.18,2959510000
11-Oct-16,2136.73,3393060000
10-Oct-16,2163.66,2881970000
7-Oct-16,2153.74,3578770000
6-Oct-16,2160.77,3438040000
5-Oct-16,2159.73,3883710000
4-Oct-16,2150.49,3716100000
3-Oct-16,2161.2,3113850000
30-Sep-16,2168.27,4158800000
29-Sep-16,2151.13,4215620000
28-Sep-16,2171.37,3860390000
27-Sep-16,2159.93,3414090000
26-Sep-16,2146.1,3199910000
23-Sep-16,2164.69,3289860000
22-Sep-16,2177.18,3523860000
21-Sep-16,2163.12,3685450000
20-Sep-16,2139.76,3117380000
19-Sep-16,2139.12,3141820000
16-Sep-16,2139.16,5014360000
15-Sep-16,2147.26,3373720000
14-Sep-16,2125.77,3664100000
13-Sep-16,2127.02,4141670000
12-Sep-16,2159.04,4010480000
9-Sep-16,2127.81,4233960000
8-Sep-16,2181.3,3727840000
7-Sep-16,2186.16,3319420000
6-Sep-16,2186.48,3447650000
2-Sep-16,2179.98,3091120000
1-Sep-16,2170.86,3392120000
31-Aug-16,2170.95,3766390000
30-Aug-16,2176.12,3006800000
29-Aug-16,2180.38,2654780000
26-Aug-16,2169.04,3342340000
25-Aug-16,2172.47,2969310000
24-Aug-16,2175.44,3148280000
23-Aug-16,2186.9,3041490000
22-Aug-16,2182.64,2777550000
19-Aug-16,2183.87,3084800000
18-Aug-16,2187.02,3300570000
17-Aug-16,2182.22,3388910000
16-Aug-16,2178.15,3196400000
15-Aug-16,2190.15,3078530000
12-Aug-16,2184.05,3000660000
11-Aug-16,2185.79,3423160000
10-Aug-16,2175.49,3254950000
9-Aug-16,2181.74,3334300000
8-Aug-16,2180.89,3327550000
5-Aug-16,2182.87,3663070000
4-Aug-16,2164.25,3709200000
3-Aug-16,2163.79,3786530000
2-Aug-16,2157.03,3848750000
1-Aug-16,2170.84,3505990000
29-Jul-16,2173.6,4038840000
28-Jul-16,2170.06,3664240000
27-Jul-16,2166.58,3995500000
26-Jul-16,2169.18,3442350000
25-Jul-16,2168.48,3057240000
22-Jul-16,2175.03,3023280000
21-Jul-16,2165.17,3438900000
20-Jul-16,2173.02,3211860000
19-Jul-16,2163.78,2968340000
18-Jul-16,2166.89,3009310000
15-Jul-16,2161.74,3122600000
14-Jul-16,2163.75,3465610000
13-Jul-16,2152.43,3502320000
12-Jul-16,2152.14,4097820000
11-Jul-16,2137.16,3253340000
8-Jul-16,2129.9,3607500000
7-Jul-16,2097.9,3604550000
6-Jul-16,2099.73,3909380000
5-Jul-16,2088.55,3658380000
1-Jul-16,2102.95,3458890000
30-Jun-16,2098.86,4622820000
29-Jun-16,2070.77,4241740000
28-Jun-16,2036.09,4385810000
27-Jun-16,2000.54,5431220000
24-Jun-16,2037.41,7597450000
23-Jun-16,2113.32,3297940000
22-Jun-16,2085.45,3168160000
21-Jun-16,2088.9,3232880000
20-Jun-16,2083.25,3467440000
17-Jun-16,2071.22,4952630000
16-Jun-16,2077.99,3628280000
15-Jun-16,2071.5,3544720000
14-Jun-16,2075.32,3759770000
13-Jun-16,2079.06,3392030000
10-Jun-16,2096.07,3515010000
9-Jun-16,2115.48,3290320000
8-Jun-16,2119.12,3562060000
7-Jun-16,2112.13,3534730000
6-Jun-16,2109.41,3442020000
3-Jun-16,2099.13,3627780000
2-Jun-16,2105.26,3632720000
1-Jun-16,2099.33,3525170000
31-May-16,2096.95,4514410000
27-May-16,2099.06,3079150000
26-May-16,2090.1,3230990000
25-May-16,2090.54,3859160000
24-May-16,2076.06,3627340000
23-May-16,2048.04,3055480000
20-May-16,2052.32,3507650000
19-May-16,2040.04,3846770000
18-May-16,2047.63,4101320000
17-May-16,2047.21,4108960000
16-May-16,2066.66,3501360000
13-May-16,2046.61,3579880000
12-May-16,2064.11,3782390000
11-May-16,2064.46,3821980000
10-May-16,2084.39,3600200000
9-May-16,2058.69,3788620000
6-May-16,2057.14,3796350000
5-May-16,2050.63,4008530000
4-May-16,2051.12,4058560000
3-May-16,2063.37,4173390000
2-May-16,2081.43,3841110000
29-Apr-16,2065.3,4704720000
28-Apr-16,2075.81,4309840000
27-Apr-16,2095.15,4100110000
26-Apr-16,2091.7,3557190000
25-Apr-16,2087.79,3319740000
22-Apr-16,2091.58,3790580000
21-Apr-16,2091.48,4175290000
20-Apr-16,2102.4,4184880000
19-Apr-16,2100.8,3896830000
18-Apr-16,2094.34,3316880000
15-Apr-16,2080.73,3701450000
14-Apr-16,2082.78,3765870000
13-Apr-16,2082.42,4191830000
12-Apr-16,2061.72,4239740000
11-Apr-16,2041.99,3567840000
8-Apr-16,2047.6,3359530000
7-Apr-16,2041.91,3801250000
6-Apr-16,2066.66,3750800000
5-Apr-16,2045.17,4154920000
4-Apr-16,2066.13,3485710000
1-Apr-16,2072.78,3749990000
31-Mar-16,2059.74,3715280000
30-Mar-16,2063.95,3590310000
29-Mar-16,2055.01,3822330000
28-Mar-16,2037.05,2809090000
24-Mar-16,2035.94,3407720000
23-Mar-16,2036.71,3639510000
22-Mar-16,2049.8,3418460000
21-Mar-16,2051.6,3376600000
18-Mar-16,2049.58,6503140000
17-Mar-16,2040.59,4530480000
16-Mar-16,2027.22,4057020000
15-Mar-16,2015.93,3560280000
14-Mar-16,2019.64,3487850000
11-Mar-16,2022.19,4078620000
10-Mar-16,1989.57,4376790000
9-Mar-16,1989.26,4038120000
8-Mar-16,1979.26,4641650000
7-Mar-16,2001.76,4968180000
4-Mar-16,1999.99,6049930000
3-Mar-16,1993.4,5081700000
2-Mar-16,1986.45,4666610000
1-Mar-16,1978.35,4819750000
29-Feb-16,1932.23,4588180000
26-Feb-16,1948.05,4348510000
25-Feb-16,1951.7,4118210000
24-Feb-16,1929.8,4317250000
23-Feb-16,1921.27,3890650000
22-Feb-16,1945.5,4054710000
19-Feb-16,1917.78,4142850000
18-Feb-16,1917.83,4436490000
17-Feb-16,1926.82,5011540000
16-Feb-16,1895.58,4570670000
12-Feb-16,1864.78,4696920000
11-Feb-16,1829.08,5500800000
10-Feb-16,1851.86,4471170000
9-Feb-16,1852.21,5183220000
8-Feb-16,1853.44,5636460000
5-Feb-16,1880.05,4929940000
4-Feb-16,1915.45,5193320000
3-Feb-16,1912.53,5172950000
2-Feb-16,1903.03,4463190000
1-Feb-16,1939.38,4322530000
29-Jan-16,1940.24,5497570000
28-Jan-16,1893.36,4693010000
27-Jan-16,1882.95,4754040000
26-Jan-16,1903.63,4357940000
25-Jan-16,1877.08,4401380000
22-Jan-16,1906.9,4901760000
21-Jan-16,1868.99,5078810000
20-Jan-16,1859.33,6416070000
19-Jan-16,1881.33,4928350000
15-Jan-16,1880.33,5468460000
14-Jan-16,1921.84,5241110000
13-Jan-16,1890.28,5087030000
12-Jan-16,1938.68,4887260000
11-Jan-16,1923.67,4607290000
8-Jan-16,1922.03,4664940000
7-Jan-16,1943.09,5076590000
6-Jan-16,1990.26,4336660000
5-Jan-16,2016.71,3706620000
4-Jan-16,2012.66,4304880000
31-Dec-15,2043.94,2655330000
30-Dec-15,2063.36,2367430000
29-Dec-15,2078.36,2542000000
28-Dec-15,2056.5,2492510000
24-Dec-15,2060.99,1411860000
23-Dec-15,2064.29,3484090000
22-Dec-15,2038.97,3520860000
21-Dec-15,2021.15,3760280000
18-Dec-15,2005.55,6683070000
17-Dec-15,2041.89,4327390000
16-Dec-15,2073.07,4635450000
15-Dec-15,2043.41,4353540000
14-Dec-15,2021.94,4612440000
11-Dec-15,2012.37,4301060000
10-Dec-15,2052.23,3715150000
9-Dec-15,2047.62,4385250000
8-Dec-15,2063.59,4173570000
7-Dec-15,2077.07,4043820000
4-Dec-15,2091.69,4214910000
3-Dec-15,2049.62,4306490000
2-Dec-15,2079.51,3950640000
1-Dec-15,2102.63,3712120000
30-Nov-15,2080.41,4275030000
27-Nov-15,2090.11,1466840000
25-Nov-15,2088.87,2852940000
24-Nov-15,2089.14,3884930000
23-Nov-15,2086.59,3587980000
20-Nov-15,2089.17,3929600000
19-Nov-15,2081.24,3628110000
18-Nov-15,2083.58,3926390000
17-Nov-15,2050.44,4427350000
16-Nov-15,2053.19,3741240000
13-Nov-15,2023.04,4278750000
12-Nov-15,2045.97,4016370000
11-Nov-15,2075,3692410000
10-Nov-15,2081.72,3821440000
9-Nov-15,2078.58,3882350000
6-Nov-15,2099.2,4369020000
5-Nov-15,2099.93,4051890000
4-Nov-15,2102.31,4078870000
3-Nov-15,2109.79,4272060000
2-Nov-15,2104.05,3760020000
30-Oct-15,2079.36,4256200000
29-Oct-15,2089.41,4008940000
28-Oct-15,2090.35,4698110000
27-Oct-15,2065.89,4216880000
26-Oct-15,2071.18,3385800000
23-Oct-15,2075.15,4108460000
22-Oct-15,2052.51,4430850000
21-Oct-15,2018.94,3627790000
20-Oct-15,2030.77,3331500000
19-Oct-15,2033.66,3287320000
16-Oct-15,2033.11,3595430000
15-Oct-15,2023.86,3746290000
14-Oct-15,1994.24,3644590000
13-Oct-15,2003.69,3401920000
12-Oct-15,2017.46,2893250000
9-Oct-15,2014.89,3706900000
8-Oct-15,2013.43,3939140000
7-Oct-15,1995.83,4666470000
6-Oct-15,1979.92,4202400000
5-Oct-15,1987.05,4334490000
2-Oct-15,1951.36,4378570000
1-Oct-15,1923.82,3983600000
30-Sep-15,1920.03,4525070000
29-Sep-15,1884.09,4132390000
28-Sep-15,1881.77,4326660000
25-Sep-15,1931.34,3721870000
24-Sep-15,1932.24,4091530000
23-Sep-15,1938.76,3190530000
22-Sep-15,1942.74,3808260000
21-Sep-15,1966.97,3269350000
18-Sep-15,1958.03,6021240000
17-Sep-15,1990.2,4183790000
16-Sep-15,1995.31,3630680000
15-Sep-15,1978.09,3239860000
14-Sep-15,1953.03,3000200000
11-Sep-15,1961.05,3218590000
10-Sep-15,1952.29,3626320000
9-Sep-15,1942.04,3652120000
8-Sep-15,1969.41,3548650000
4-Sep-15,1921.22,3167090000
3-Sep-15,1951.13,3520700000
2-Sep-15,1948.86,3742620000
1-Sep-15,1913.85,4371850000
31-Aug-15,1972.18,3915100000
28-Aug-15,1988.87,3949080000
27-Aug-15,1987.66,5006390000
26-Aug-15,1940.51,5338250000
25-Aug-15,1867.61,5183560000
24-Aug-15,1893.21,6612690000
21-Aug-15,1970.89,5018240000
20-Aug-15,2035.73,3922470000
19-Aug-15,2079.61,3512920000
18-Aug-15,2096.92,2949990000
17-Aug-15,2102.44,2867690000
14-Aug-15,2091.54,2795590000
13-Aug-15,2083.39,3221300000
12-Aug-15,2086.05,4269130000
11-Aug-15,2084.07,3708880000
10-Aug-15,2104.18,3514460000
7-Aug-15,2077.57,3602320000
6-Aug-15,2083.56,4246570000
5-Aug-15,2099.84,3968680000
4-Aug-15,2093.32,3546710000
3-Aug-15,2098.04,3476770000
31-Jul-15,2103.84,3681340000
30-Jul-15,2108.63,3579410000
29-Jul-15,2108.57,4038900000
28-Jul-15,2093.25,4117740000
27-Jul-15,2067.64,3836750000
24-Jul-15,2079.65,3870040000
23-Jul-15,2102.15,3772810000
22-Jul-15,2114.15,3694070000
21-Jul-15,2119.21,3343690000
20-Jul-15,2128.28,3245870000
17-Jul-15,2126.64,3362750000
16-Jul-15,2124.29,3227080000
15-Jul-15,2107.4,3261810000
14-Jul-15,2108.95,3002120000
13-Jul-15,2099.6,3096730000
10-Jul-15,2076.62,3065070000
9-Jul-15,2051.31,3446810000
8-Jul-15,2046.68,3608780000
7-Jul-15,2081.34,4458660000
6-Jul-15,2068.76,3486360000
2-Jul-15,2076.78,2996540000
1-Jul-15,2077.42,3727260000
30-Jun-15,2063.11,4078540000
29-Jun-15,2057.64,3678960000
26-Jun-15,2101.49,5025470000
25-Jun-15,2102.31,3214610000
24-Jun-15,2108.58,3102480000
23-Jun-15,2124.2,3091190000
22-Jun-15,2122.85,3030020000
19-Jun-15,2109.99,4449810000
18-Jun-15,2121.24,3520360000
17-Jun-15,2100.44,3222240000
16-Jun-15,2096.29,2919900000
15-Jun-15,2084.43,3061570000
12-Jun-15,2094.11,2719400000
11-Jun-15,2108.86,3128600000
10-Jun-15,2105.2,3414320000
9-Jun-15,2080.15,3034580000
8-Jun-15,2079.28,2917150000
5-Jun-15,2092.83,3243690000
4-Jun-15,2095.84,3200050000
3-Jun-15,2114.07,3099980000
2-Jun-15,2109.6,3049350000
1-Jun-15,2111.73,3011710000
29-May-15,2107.39,3927390000
28-May-15,2120.79,2980350000
27-May-15,2123.48,3127960000
26-May-15,2104.2,3342130000
22-May-15,2126.06,2571860000
21-May-15,2130.82,3070460000
20-May-15,2125.85,3025880000
19-May-15,2127.83,3296030000
18-May-15,2129.2,2888190000
15-May-15,2122.73,3092080000
14-May-15,2121.1,3225740000
13-May-15,2098.48,3374260000
12-May-15,2099.12,3139520000
11-May-15,2105.33,2992670000
8-May-15,2116.1,3399440000
7-May-15,2088,3676640000
6-May-15,2080.15,3792210000
5-May-15,2089.46,3793950000
4-May-15,2114.49,3091580000
1-May-15,2108.29,3379390000
30-Apr-15,2085.51,4509680000
29-Apr-15,2106.85,4074970000
28-Apr-15,2114.76,3546270000
27-Apr-15,2108.92,3438750000
24-Apr-15,2117.69,3375780000
23-Apr-15,2112.93,3636670000
22-Apr-15,2107.96,3348480000
21-Apr-15,2097.29,3243410000
20-Apr-15,2100.4,3000160000
17-Apr-15,2081.18,3627600000
16-Apr-15,2104.99,3434120000
15-Apr-15,2106.63,4013760000
14-Apr-15,2095.84,3301270000
13-Apr-15,2092.43,2908420000
10-Apr-15,2102.06,3156200000
9-Apr-15,2091.18,3172360000
8-Apr-15,2081.9,3265330000
7-Apr-15,2076.33,3065510000
6-Apr-15,2080.62,3302970000
2-Apr-15,2066.96,3095960000
1-Apr-15,2059.69,3543270000
31-Mar-15,2067.89,3376550000
30-Mar-15,2086.24,2917690000
27-Mar-15,2061.02,3008550000
26-Mar-15,2056.15,3510670000
25-Mar-15,2061.05,3521140000
24-Mar-15,2091.5,3189820000
23-Mar-15,2104.42,3267960000
20-Mar-15,2108.1,5554120000
19-Mar-15,2089.27,3305220000
18-Mar-15,2099.5,4128210000
17-Mar-15,2074.28,3221840000
16-Mar-15,2081.19,3295600000
13-Mar-15,2053.4,3498560000
12-Mar-15,2065.95,3405860000
11-Mar-15,2040.24,3406570000
10-Mar-15,2044.16,3668900000
9-Mar-15,2079.43,3349090000
6-Mar-15,2071.26,3853570000
5-Mar-15,2101.04,3103030000
4-Mar-15,2098.53,3421110000
3-Mar-15,2107.78,3262300000
2-Mar-15,2117.39,3409490000
27-Feb-15,2104.5,3547380000
26-Feb-15,2110.74,3408690000
25-Feb-15,2113.86,3312340000
24-Feb-15,2115.48,3199840000
23-Feb-15,2109.66,3093680000
20-Feb-15,2110.3,3281600000
19-Feb-15,2097.45,3247100000
18-Feb-15,2099.68,3370020000
17-Feb-15,2100.34,3361750000
13-Feb-15,2096.99,3527450000
12-Feb-15,2088.48,3788350000
11-Feb-15,2068.53,3596860000
10-Feb-15,2068.59,3669850000
9-Feb-15,2046.74,3549540000
6-Feb-15,2055.47,4232970000
5-Feb-15,2062.52,3821990000
4-Feb-15,2041.51,4141920000
3-Feb-15,2050.03,4615900000
2-Feb-15,2020.85,4008330000
30-Jan-15,1994.99,4568650000
29-Jan-15,2021.25,4127140000
28-Jan-15,2002.16,4067530000
27-Jan-15,2029.55,3329810000
26-Jan-15,2057.09,3465760000
23-Jan-15,2051.82,3573560000
22-Jan-15,2063.15,4176050000
21-Jan-15,2032.12,3730070000
20-Jan-15,2022.55,3944340000
16-Jan-15,2019.42,4056410000
15-Jan-15,1992.67,4276720000
14-Jan-15,2011.27,4378680000
13-Jan-15,2023.03,4107300000
12-Jan-15,2028.26,3456460000
9-Jan-15,2044.81,3364140000
8-Jan-15,2062.14,3934010000
7-Jan-15,2025.9,3805480000
6-Jan-15,2002.61,4460110000
5-Jan-15,2020.58,3799120000
2-Jan-15,2058.2,2708700000
31-Dec-14,2058.9,2606070000
30-Dec-14,2080.35,2440280000
29-Dec-14,2090.57,2452360000
26-Dec-14,2088.77,1735230000
24-Dec-14,2081.88,1416980000
23-Dec-14,2082.17,3043950000
22-Dec-14,2078.54,3369520000
19-Dec-14,2070.65,6465530000
18-Dec-14,2061.23,4703380000
17-Dec-14,2012.89,4942370000
16-Dec-14,1972.74,4958680000
15-Dec-14,1989.63,4361990000
12-Dec-14,2002.33,4157650000
11-Dec-14,2035.33,3917950000
10-Dec-14,2026.14,4114440000
9-Dec-14,2059.82,3970150000
8-Dec-14,2060.31,3800990000
5-Dec-14,2075.37,3419620000
4-Dec-14,2071.92,3408340000
3-Dec-14,2074.33,3612680000
2-Dec-14,2066.55,3686650000
1-Dec-14,2053.44,4159010000
28-Nov-14,2067.56,2504640000
26-Nov-14,2072.83,2745260000
25-Nov-14,2067.03,3392940000
24-Nov-14,2069.41,3128060000
21-Nov-14,2063.5,3916420000
20-Nov-14,2052.75,3128290000
19-Nov-14,2048.72,3390850000
18-Nov-14,2051.8,3416190000
17-Nov-14,2041.32,3152890000
14-Nov-14,2039.82,3227130000
13-Nov-14,2039.33,3455270000
12-Nov-14,2038.25,3246650000
11-Nov-14,2039.68,2958320000
10-Nov-14,2038.26,3284940000
7-Nov-14,2031.92,3704280000
6-Nov-14,2031.21,3669770000
5-Nov-14,2023.57,3766590000
4-Nov-14,2012.1,3956260000
3-Nov-14,2017.81,3555440000
31-Oct-14,2018.05,4292290000
30-Oct-14,1994.65,3586150000
29-Oct-14,1982.3,3740350000
28-Oct-14,1985.05,3653260000
27-Oct-14,1961.63,3538860000
24-Oct-14,1964.58,3078380000
23-Oct-14,1950.82,3789250000
22-Oct-14,1927.11,3761930000
21-Oct-14,1941.28,3987090000
20-Oct-14,1904.01,3331210000
17-Oct-14,1886.76,4482120000
16-Oct-14,1862.76,5073150000
15-Oct-14,1862.49,6090800000
14-Oct-14,1877.7,4812010000
13-Oct-14,1874.74,4352580000
10-Oct-14,1906.13,4550540000
9-Oct-14,1928.21,4344020000
8-Oct-14,1968.89,4441890000
7-Oct-14,1935.1,3687870000
6-Oct-14,1964.82,3358220000
3-Oct-14,1967.9,3560970000
2-Oct-14,1946.17,4012510000
1-Oct-14,1946.16,4188590000
30-Sep-14,1972.29,3951100000
29-Sep-14,1977.8,3094440000
26-Sep-14,1982.85,2929440000
25-Sep-14,1965.99,3273050000
24-Sep-14,1998.3,3313850000
23-Sep-14,1982.77,3279350000
22-Sep-14,1994.29,3349670000
19-Sep-14,2010.4,4880220000
18-Sep-14,2011.36,3235340000
17-Sep-14,2001.57,3209420000
16-Sep-14,1998.98,3160310000
15-Sep-14,1984.13,2776530000
12-Sep-14,1985.54,3206570000
11-Sep-14,1997.45,2941690000
10-Sep-14,1995.69,2912430000
9-Sep-14,1988.44,2882830000
8-Sep-14,2001.54,2789090000
5-Sep-14,2007.71,2818300000
4-Sep-14,1997.65,3072410000
3-Sep-14,2000.72,2809980000
2-Sep-14,2002.28,2819980000
29-Aug-14,2003.37,2259130000
28-Aug-14,1996.74,2282400000
27-Aug-14,2000.12,2344350000
26-Aug-14,2000.02,2451950000
25-Aug-14,1997.92,2233880000
22-Aug-14,1988.4,2301860000
21-Aug-14,1992.37,2638920000
20-Aug-14,1986.51,2579560000
19-Aug-14,1981.6,2656430000
18-Aug-14,1971.74,2638160000
15-Aug-14,1955.06,3023380000
14-Aug-14,1955.18,2609460000
13-Aug-14,1946.72,2718020000
12-Aug-14,1933.75,2611700000
11-Aug-14,1936.92,2784890000
8-Aug-14,1931.59,2902280000
7-Aug-14,1909.57,3230520000
6-Aug-14,1920.24,3539150000
5-Aug-14,1920.21,3462520000
4-Aug-14,1938.99,3072920000
1-Aug-14,1925.15,3789660000
31-Jul-14,1930.67,4193000000
30-Jul-14,1970.07,3448250000
29-Jul-14,1969.95,3183300000
28-Jul-14,1978.91,2803320000
25-Jul-14,1978.34,2638960000
24-Jul-14,1987.98,3203530000
23-Jul-14,1987.01,2869720000
22-Jul-14,1983.53,2890480000
21-Jul-14,1973.63,2611160000
18-Jul-14,1978.22,3106060000
17-Jul-14,1958.12,3381680000
16-Jul-14,1981.57,3390950000
15-Jul-14,1973.28,3328740000
14-Jul-14,1977.1,2744920000
11-Jul-14,1967.57,2684630000
10-Jul-14,1964.68,3165690000
9-Jul-14,1972.83,2858800000
8-Jul-14,1963.71,3302430000
7-Jul-14,1977.65,2681260000
3-Jul-14,1985.44,1998090000
2-Jul-14,1974.62,2851480000
1-Jul-14,1973.32,3188240000
30-Jun-14,1960.23,3037350000
27-Jun-14,1960.96,4290590000
26-Jun-14,1957.22,2778840000
25-Jun-14,1959.53,3106710000
24-Jun-14,1949.98,3089700000
23-Jun-14,1962.61,2717630000
20-Jun-14,1962.87,4336240000
19-Jun-14,1959.48,2952150000
18-Jun-14,1956.98,3065220000
17-Jun-14,1941.99,2971260000
16-Jun-14,1937.78,2926130000
13-Jun-14,1936.16,2598230000
12-Jun-14,1930.11,3040480000
11-Jun-14,1943.89,2710620000
10-Jun-14,1950.79,2702360000
9-Jun-14,1951.27,2812180000
6-Jun-14,1949.44,2864300000
5-Jun-14,1940.46,3113270000
4-Jun-14,1927.88,2793920000
3-Jun-14,1924.24,2867180000
2-Jun-14,1924.97,2509020000
30-May-14,1923.57,3263490000
29-May-14,1920.03,2709050000
28-May-14,1909.78,2976450000
27-May-14,1911.91,2911020000
23-May-14,1900.53,2396280000
22-May-14,1892.49,2759800000
21-May-14,1888.03,2777140000
20-May-14,1872.83,3007700000
19-May-14,1885.08,2664250000
16-May-14,1877.86,3173650000
15-May-14,1870.85,3552640000
14-May-14,1888.53,2822060000
13-May-14,1897.45,2915680000
12-May-14,1896.65,3005740000
9-May-14,1878.48,3025020000
8-May-14,1875.63,3393420000
7-May-14,1878.21,3632950000
6-May-14,1867.72,3327260000
5-May-14,1884.66,2733730000
2-May-14,1881.14,3159560000
1-May-14,1883.68,3416740000
30-Apr-14,1883.95,3779230000
29-Apr-14,1878.33,3647820000
28-Apr-14,1869.43,4034680000
25-Apr-14,1863.4,3213020000
24-Apr-14,1878.61,3191830000
23-Apr-14,1875.39,3085720000
22-Apr-14,1879.55,3215440000
21-Apr-14,1871.89,2642500000
17-Apr-14,1864.85,3341430000
16-Apr-14,1862.31,3155080000
15-Apr-14,1842.98,3736440000
14-Apr-14,1830.61,3111540000
11-Apr-14,1815.69,3743460000
10-Apr-14,1833.08,3758780000
9-Apr-14,1872.18,3308650000
8-Apr-14,1851.96,3721450000
7-Apr-14,1845.04,3801540000
4-Apr-14,1865.09,3583750000
3-Apr-14,1888.77,3055600000
2-Apr-14,1890.9,3131660000
1-Apr-14,1885.52,3336190000
31-Mar-14,1872.34,3274300000
28-Mar-14,1857.62,2955520000
27-Mar-14,1849.04,3733430000
26-Mar-14,1852.56,3480850000
25-Mar-14,1865.62,3200560000
24-Mar-14,1857.44,3409000000
21-Mar-14,1866.52,5270710000
20-Mar-14,1872.01,3327540000
19-Mar-14,1860.77,3289210000
18-Mar-14,1872.25,2930190000
17-Mar-14,1858.83,2860490000
14-Mar-14,1841.13,3285460000
13-Mar-14,1846.34,3670990000
12-Mar-14,1868.2,3270860000
11-Mar-14,1867.63,3392400000
10-Mar-14,1877.17,3021350000
7-Mar-14,1878.04,3564740000
6-Mar-14,1877.03,3360450000
5-Mar-14,1873.81,3392990000
4-Mar-14,1873.91,3765770000
3-Mar-14,1845.73,3428220000
28-Feb-14,1859.45,3917450000
27-Feb-14,1854.29,3547460000
26-Feb-14,1845.16,3716730000
25-Feb-14,1845.12,3515560000
24-Feb-14,1847.61,4014530000
21-Feb-14,1836.25,3403880000
20-Feb-14,1839.78,3404980000
19-Feb-14,1828.75,3661570000
18-Feb-14,1840.76,3421110000
14-Feb-14,1838.63,3114750000
13-Feb-14,1829.83,3289510000
12-Feb-14,1819.26,3326380000
11-Feb-14,1819.75,3699380000
10-Feb-14,1799.84,3312160000
7-Feb-14,1797.02,3775990000
6-Feb-14,1773.43,3825410000
5-Feb-14,1751.64,3984290000
4-Feb-14,1755.2,4068410000
3-Feb-14,1741.89,4726040000
31-Jan-14,1782.59,4059690000
30-Jan-14,1794.19,3547510000
29-Jan-14,1774.2,3964020000
28-Jan-14,1792.5,3437830000
27-Jan-14,1781.56,4045200000
24-Jan-14,1790.29,4618450000
23-Jan-14,1828.46,3972250000
22-Jan-14,1844.86,3374170000
21-Jan-14,1843.8,3782470000
17-Jan-14,1838.7,3626120000
16-Jan-14,1845.89,3491310000
15-Jan-14,1848.38,3777800000
14-Jan-14,1838.88,3353270000
13-Jan-14,1819.2,3591350000
10-Jan-14,1842.37,3335710000
9-Jan-14,1838.13,3581150000
8-Jan-14,1837.49,3652140000
7-Jan-14,1837.88,3511750000
6-Jan-14,1826.77,3294850000
3-Jan-14,1831.37,2774270000
2-Jan-14,1831.98,3080600000
31-Dec-13,1848.36,2312840000
30-Dec-13,1841.07,2293860000
27-Dec-13,1841.4,2052920000
26-Dec-13,1842.02,1982270000
24-Dec-13,1833.32,1307630000
23-Dec-13,1827.99,2851540000
20-Dec-13,1818.32,5097700000
19-Dec-13,1809.6,3497210000
18-Dec-13,1810.65,4327770000
17-Dec-13,1781,3270030000
16-Dec-13,1786.54,3209890000
13-Dec-13,1775.32,3061070000
12-Dec-13,1775.5,3306640000
11-Dec-13,1782.22,3472240000
10-Dec-13,1802.62,3117150000
9-Dec-13,1808.37,3129500000
6-Dec-13,1805.09,3150030000
5-Dec-13,1785.03,3336880000
4-Dec-13,1792.81,3610540000
3-Dec-13,1795.15,3475680000
2-Dec-13,1800.9,3095430000
29-Nov-13,1805.81,1598300000
27-Nov-13,1807.23,2613590000
26-Nov-13,1802.75,3427120000
25-Nov-13,1802.48,2998540000
22-Nov-13,1804.76,3055140000
21-Nov-13,1795.85,3256630000
20-Nov-13,1781.37,3109140000
19-Nov-13,1787.87,3224450000
18-Nov-13,1791.53,3168520000
15-Nov-13,1798.18,3254820000
14-Nov-13,1790.62,3139060000
13-Nov-13,1782,3327480000
12-Nov-13,1767.69,3221030000
11-Nov-13,1771.89,2534060000
8-Nov-13,1770.61,3837170000
7-Nov-13,1747.15,4143200000
6-Nov-13,1770.49,3322100000
5-Nov-13,1762.97,3516680000
4-Nov-13,1767.93,3194870000
1-Nov-13,1761.64,3686290000
31-Oct-13,1756.54,3826530000
30-Oct-13,1763.31,3523040000
29-Oct-13,1771.95,3358460000
28-Oct-13,1762.11,3282300000
25-Oct-13,1759.77,3175720000
24-Oct-13,1752.07,3671700000
23-Oct-13,1746.38,3713380000
22-Oct-13,1754.67,3850840000
21-Oct-13,1744.66,3052710000
18-Oct-13,1744.5,3664890000
17-Oct-13,1733.15,3453590000
16-Oct-13,1721.54,3486180000
15-Oct-13,1698.06,3327740000
14-Oct-13,1710.14,2580580000
11-Oct-13,1703.2,2944670000
10-Oct-13,1692.56,3362300000
9-Oct-13,1656.4,3577840000
8-Oct-13,1655.45,3569230000
7-Oct-13,1676.12,2678490000
4-Oct-13,1690.5,2880270000
3-Oct-13,1678.66,3279650000
2-Oct-13,1693.87,3148600000
1-Oct-13,1695,3238690000
30-Sep-13,1681.55,3308630000
27-Sep-13,1691.75,2951700000
26-Sep-13,1698.67,2813930000
25-Sep-13,1692.77,3148730000
24-Sep-13,1697.42,3268930000
23-Sep-13,1701.84,3126950000
20-Sep-13,1709.91,5074030000
19-Sep-13,1722.34,3740130000
18-Sep-13,1725.52,3989760000
17-Sep-13,1704.76,2774240000
16-Sep-13,1697.6,3079800000
13-Sep-13,1687.99,2736500000
12-Sep-13,1683.42,3106290000
11-Sep-13,1689.13,3135460000
10-Sep-13,1683.99,3691800000
9-Sep-13,1671.71,3102780000
6-Sep-13,1655.17,3123880000
5-Sep-13,1655.08,2957110000
4-Sep-13,1653.08,3312150000
3-Sep-13,1639.77,3731610000
30-Aug-13,1632.97,2734300000
29-Aug-13,1638.17,2527550000
28-Aug-13,1634.96,2784010000
27-Aug-13,1630.48,3219190000
26-Aug-13,1656.78,2430670000
23-Aug-13,1663.5,2582670000
22-Aug-13,1656.96,2537460000
21-Aug-13,1642.8,2932180000
20-Aug-13,1652.35,2994090000
19-Aug-13,1646.06,2904530000
16-Aug-13,1655.83,3211450000
15-Aug-13,1661.32,3426690000
14-Aug-13,1685.39,2871430000
13-Aug-13,1694.16,3035560000
12-Aug-13,1689.47,2789160000
9-Aug-13,1691.42,2957670000
8-Aug-13,1697.48,3271660000
7-Aug-13,1690.91,3010230000
6-Aug-13,1697.37,3141210000
5-Aug-13,1707.14,2529300000
2-Aug-13,1709.67,3136630000
1-Aug-13,1706.87,3775170000
31-Jul-13,1685.73,3847390000
30-Jul-13,1685.96,3320530000
29-Jul-13,1685.33,2840520000
26-Jul-13,1691.65,2762770000
25-Jul-13,1690.25,3322500000
24-Jul-13,1685.94,3336120000
23-Jul-13,1692.39,3096180000
22-Jul-13,1695.53,2779130000
19-Jul-13,1692.09,3302580000
18-Jul-13,1689.37,3452370000
17-Jul-13,1680.91,3153440000
16-Jul-13,1676.26,3081710000
15-Jul-13,1682.5,2623200000
12-Jul-13,1680.19,3039070000
11-Jul-13,1675.02,3446340000
10-Jul-13,1652.62,3011010000
9-Jul-13,1652.32,3155360000
8-Jul-13,1640.46,3514590000
5-Jul-13,1631.89,2634140000
3-Jul-13,1615.41,1966050000
2-Jul-13,1614.08,3317130000
1-Jul-13,1614.96,3104690000
28-Jun-13,1606.28,4977190000
27-Jun-13,1613.2,3364540000
26-Jun-13,1603.26,3558340000
25-Jun-13,1588.03,3761170000
24-Jun-13,1573.09,4733660000
21-Jun-13,1592.43,5797280000
20-Jun-13,1588.19,4858850000
19-Jun-13,1628.93,3545060000
18-Jun-13,1651.81,3120980000
17-Jun-13,1639.04,3137080000
14-Jun-13,1626.73,2939400000
13-Jun-13,1636.36,3378620000
12-Jun-13,1612.52,3202550000
11-Jun-13,1626.13,3435710000
10-Jun-13,1642.81,2978730000
7-Jun-13,1643.38,3371990000
6-Jun-13,1622.56,3547380000
5-Jun-13,1608.9,3632350000
4-Jun-13,1631.38,3653840000
3-Jun-13,1640.42,3952070000
31-May-13,1630.74,4099600000
30-May-13,1654.41,3498620000
29-May-13,1648.36,3587140000
28-May-13,1660.06,3457400000
24-May-13,1649.6,2758080000
23-May-13,1650.51,3945510000
22-May-13,1655.35,4361020000
21-May-13,1669.16,3513560000
20-May-13,1666.29,3275080000
17-May-13,1667.47,3440710000
16-May-13,1650.47,3513130000
15-May-13,1658.78,3657440000
14-May-13,1650.34,3457790000
13-May-13,1633.77,2910600000
10-May-13,1633.7,3086470000
9-May-13,1626.67,3457400000
8-May-13,1632.69,3554700000
7-May-13,1625.96,3309580000
6-May-13,1617.5,3062240000
3-May-13,1614.42,3603910000
2-May-13,1597.59,3366950000
1-May-13,1582.7,3530320000
30-Apr-13,1597.57,3745070000
29-Apr-13,1593.61,2891200000
26-Apr-13,1582.24,3198620000
25-Apr-13,1585.16,3908580000
24-Apr-13,1578.79,3598240000
23-Apr-13,1578.78,3565150000
22-Apr-13,1562.5,2979880000
19-Apr-13,1555.25,3569870000
18-Apr-13,1541.61,3890800000
17-Apr-13,1552.01,4250310000
16-Apr-13,1574.57,3654700000
15-Apr-13,1552.36,4660130000
12-Apr-13,1588.85,3206290000
11-Apr-13,1593.37,3393950000
10-Apr-13,1587.73,3453350000
9-Apr-13,1568.61,3252780000
8-Apr-13,1563.07,2887120000
5-Apr-13,1553.28,3515410000
4-Apr-13,1559.98,3350670000
3-Apr-13,1553.69,4060610000
2-Apr-13,1570.25,3312160000
1-Apr-13,1562.17,2753110000
28-Mar-13,1569.19,3304440000
27-Mar-13,1562.85,2914210000
26-Mar-13,1563.77,2869260000
25-Mar-13,1551.69,3178170000
22-Mar-13,1556.89,2948380000
21-Mar-13,1545.8,3243270000
20-Mar-13,1558.71,3349090000
19-Mar-13,1548.34,3796210000
18-Mar-13,1552.1,3164560000
15-Mar-13,1560.7,5175850000
14-Mar-13,1563.23,3459260000
13-Mar-13,1554.52,3073830000
12-Mar-13,1552.48,3274910000
11-Mar-13,1556.22,3091080000
8-Mar-13,1551.18,3652260000
7-Mar-13,1544.26,3634710000
6-Mar-13,1541.46,3676890000
5-Mar-13,1539.79,3610690000
4-Mar-13,1525.2,3414430000
1-Mar-13,1518.2,3695610000
28-Feb-13,1514.68,3912320000
27-Feb-13,1515.99,3551850000
26-Feb-13,1496.94,3975280000
25-Feb-13,1487.85,4011050000
22-Feb-13,1515.6,3419320000
21-Feb-13,1502.42,4274600000
20-Feb-13,1511.95,4240570000
19-Feb-13,1530.94,3748910000
15-Feb-13,1519.79,3838510000
14-Feb-13,1521.38,3759740000
13-Feb-13,1520.33,3385880000
12-Feb-13,1519.43,3414370000
11-Feb-13,1517.01,2684100000
8-Feb-13,1517.93,2986150000
7-Feb-13,1509.39,3614580000
6-Feb-13,1512.12,3611570000
5-Feb-13,1511.29,3618360000
4-Feb-13,1495.71,3390000000
1-Feb-13,1513.17,3836320000
31-Jan-13,1498.11,3999880000
30-Jan-13,1501.96,3726810000
29-Jan-13,1507.84,3949640000
28-Jan-13,1500.18,3388540000
25-Jan-13,1502.96,3476290000
24-Jan-13,1494.82,3699430000
23-Jan-13,1494.81,3552010000
22-Jan-13,1492.56,3570950000
18-Jan-13,1485.98,3795740000
17-Jan-13,1480.94,3706710000
16-Jan-13,1472.63,3384080000
15-Jan-13,1472.34,3135350000
14-Jan-13,1470.68,3003010000
11-Jan-13,1472.05,3340650000
10-Jan-13,1472.12,4081840000
9-Jan-13,1461.02,3674390000
8-Jan-13,1457.15,3601600000
7-Jan-13,1461.89,3304970000
4-Jan-13,1466.47,3424290000
3-Jan-13,1459.37,3829730000
2-Jan-13,1462.42,4202600000
31-Dec-12,1426.19,3204330000
28-Dec-12,1402.43,2426680000
27-Dec-12,1418.1,2830180000
26-Dec-12,1419.83,2285030000
24-Dec-12,1426.66,1248960000
21-Dec-12,1430.15,5229160000
20-Dec-12,1443.69,3686580000
19-Dec-12,1435.81,3869800000
18-Dec-12,1446.79,4302240000
17-Dec-12,1430.36,3455610000
14-Dec-12,1413.58,3210170000
13-Dec-12,1419.45,3349960000
12-Dec-12,1428.48,3709050000
11-Dec-12,1427.84,3650230000
10-Dec-12,1418.55,2999430000
7-Dec-12,1418.07,3125160000
6-Dec-12,1413.94,3229700000
5-Dec-12,1409.28,4253920000
4-Dec-12,1407.05,3247710000
3-Dec-12,1409.46,3074280000
30-Nov-12,1416.18,3966000000
29-Nov-12,1415.95,3356850000
28-Nov-12,1409.93,3359250000
27-Nov-12,1398.94,3323120000
26-Nov-12,1406.29,2948960000
23-Nov-12,1409.15,1504960000
21-Nov-12,1391.03,2667090000
20-Nov-12,1387.81,3207160000
19-Nov-12,1386.89,3374800000
16-Nov-12,1359.88,4045910000
15-Nov-12,1353.33,3928870000
14-Nov-12,1355.49,4109510000
13-Nov-12,1374.53,3455550000
12-Nov-12,1380.03,2567540000
9-Nov-12,1379.85,3647350000
8-Nov-12,1377.51,3779520000
7-Nov-12,1394.53,4356490000
6-Nov-12,1428.39,3306970000
5-Nov-12,1417.26,2921040000
2-Nov-12,1414.2,3732480000
1-Nov-12,1427.59,3929890000
31-Oct-12,1412.16,3577110000
26-Oct-12,1411.94,3284910000
25-Oct-12,1412.97,3512640000
24-Oct-12,1408.75,3385970000
23-Oct-12,1413.11,3587670000
22-Oct-12,1433.82,3216220000
19-Oct-12,1433.19,3875170000
18-Oct-12,1457.34,3880030000
17-Oct-12,1460.91,3655320000
16-Oct-12,1454.92,3568770000
15-Oct-12,1440.13,3483810000
12-Oct-12,1428.59,3134750000
11-Oct-12,1432.84,3672540000
10-Oct-12,1432.56,3225060000
9-Oct-12,1441.48,3216320000
8-Oct-12,1455.88,2328720000
5-Oct-12,1460.93,3172940000
4-Oct-12,1461.4,3615860000
3-Oct-12,1450.99,3531640000
2-Oct-12,1445.75,3321790000
1-Oct-12,1444.49,3505080000
28-Sep-12,1440.67,3509230000
27-Sep-12,1447.15,3150330000
26-Sep-12,1433.32,3565380000
25-Sep-12,1441.59,3739900000
24-Sep-12,1456.89,3008920000
21-Sep-12,1460.15,4833870000
20-Sep-12,1460.26,3382520000
19-Sep-12,1461.05,3451360000
18-Sep-12,1459.32,3377390000
17-Sep-12,1461.19,3482430000
14-Sep-12,1465.77,5041990000
13-Sep-12,1459.99,4606550000
12-Sep-12,1436.56,3641200000
11-Sep-12,1433.56,3509630000
10-Sep-12,1429.08,3223670000
7-Sep-12,1437.92,3717620000
6-Sep-12,1432.12,3952870000
5-Sep-12,1403.44,3389110000
4-Sep-12,1404.94,3200310000
31-Aug-12,1406.58,2938250000
30-Aug-12,1399.48,2530280000
29-Aug-12,1410.49,2571220000
28-Aug-12,1409.3,2629090000
27-Aug-12,1410.44,2472500000
24-Aug-12,1411.13,2598790000
23-Aug-12,1402.08,3008240000
22-Aug-12,1413.49,3062690000
21-Aug-12,1413.17,3282950000
20-Aug-12,1418.13,2766320000
17-Aug-12,1418.16,2922990000
16-Aug-12,1415.51,3114100000
15-Aug-12,1405.53,2655750000
14-Aug-12,1403.93,2930900000
13-Aug-12,1404.11,2499990000
10-Aug-12,1405.87,2767980000
9-Aug-12,1402.8,3119610000
8-Aug-12,1402.22,3221790000
7-Aug-12,1401.35,3682490000
6-Aug-12,1394.23,3122050000
3-Aug-12,1390.99,3751170000
2-Aug-12,1365,4193740000
1-Aug-12,1375.32,4440920000
31-Jul-12,1379.32,3821570000
30-Jul-12,1385.3,3212060000
27-Jul-12,1385.97,4399010000
26-Jul-12,1360.02,4429300000
25-Jul-12,1337.89,3719170000
24-Jul-12,1338.31,3891290000
23-Jul-12,1350.52,3717180000
20-Jul-12,1362.66,3925020000
19-Jul-12,1376.51,4043360000
18-Jul-12,1372.78,3642630000
17-Jul-12,1363.67,3566680000
16-Jul-12,1353.64,2862720000
13-Jul-12,1356.78,3212930000
12-Jul-12,1334.76,3654440000
11-Jul-12,1341.45,3426290000
10-Jul-12,1341.47,3470600000
9-Jul-12,1352.46,2904860000
6-Jul-12,1354.68,2745140000
5-Jul-12,1367.58,3041520000
3-Jul-12,1374.02,2116390000
2-Jul-12,1365.51,3301650000
29-Jun-12,1362.16,4590480000
28-Jun-12,1329.04,3969370000
27-Jun-12,1331.85,3286910000
26-Jun-12,1319.99,3412940000
25-Jun-12,1313.72,3501820000
22-Jun-12,1335.02,5271490000
21-Jun-12,1325.51,4094470000
20-Jun-12,1355.69,3695700000
19-Jun-12,1357.98,3815350000
18-Jun-12,1344.78,3259430000
15-Jun-12,1342.84,4401570000
14-Jun-12,1329.1,3687720000
13-Jun-12,1314.88,3506510000
12-Jun-12,1324.18,3442920000
11-Jun-12,1308.93,3537530000
8-Jun-12,1325.66,3497190000
7-Jun-12,1314.99,4258140000
6-Jun-12,1315.13,4268360000
5-Jun-12,1285.5,3403230000
4-Jun-12,1278.18,4011960000
1-Jun-12,1278.04,4669350000
31-May-12,1310.33,4557620000
30-May-12,1313.32,3534290000
29-May-12,1332.42,3441640000
25-May-12,1317.82,2872660000
24-May-12,1320.68,3937670000
23-May-12,1318.86,4108330000
22-May-12,1316.63,4123680000
21-May-12,1315.99,3786750000
18-May-12,1295.22,4512470000
17-May-12,1304.86,4664280000
16-May-12,1324.8,4280420000
15-May-12,1330.66,4114040000
14-May-12,1338.35,3688120000
11-May-12,1353.39,3869070000
10-May-12,1357.99,3727990000
9-May-12,1354.58,4288540000
8-May-12,1363.72,4261670000
7-May-12,1369.58,3559390000
4-May-12,1369.1,3975140000
3-May-12,1391.57,4004910000
2-May-12,1402.31,3803860000
1-May-12,1405.82,3807950000
30-Apr-12,1397.91,3574010000
27-Apr-12,1403.36,3645830000
26-Apr-12,1399.98,4034700000
25-Apr-12,1390.69,3998430000
24-Apr-12,1371.97,3617100000
23-Apr-12,1366.94,3654860000
20-Apr-12,1378.53,3833320000
19-Apr-12,1376.92,4180020000
18-Apr-12,1385.14,3463140000
17-Apr-12,1390.78,3456200000
16-Apr-12,1369.57,3574780000
13-Apr-12,1370.26,3631160000
12-Apr-12,1387.57,3618280000
11-Apr-12,1368.71,3743040000
10-Apr-12,1358.59,4631730000
9-Apr-12,1382.2,3468980000
5-Apr-12,1398.08,3303740000
4-Apr-12,1398.96,3938290000
3-Apr-12,1413.38,3822090000
2-Apr-12,1419.04,3572010000
30-Mar-12,1408.47,3676890000
29-Mar-12,1403.28,3832000000
28-Mar-12,1405.54,3892800000
27-Mar-12,1412.52,3513640000
26-Mar-12,1416.51,3576950000
23-Mar-12,1397.11,3472950000
22-Mar-12,1392.78,3740590000
21-Mar-12,1402.89,3573590000
20-Mar-12,1405.52,3695280000
19-Mar-12,1409.75,3932570000
16-Mar-12,1404.17,5163950000
15-Mar-12,1402.6,4271650000
14-Mar-12,1394.28,4502280000
13-Mar-12,1395.95,4386470000
12-Mar-12,1371.09,3081870000
9-Mar-12,1370.87,3639470000
8-Mar-12,1365.91,3543060000
7-Mar-12,1352.63,3580380000
6-Mar-12,1343.36,4191060000
5-Mar-12,1364.33,3429480000
2-Mar-12,1369.63,3283490000
1-Mar-12,1374.09,3919240000
29-Feb-12,1365.68,4482370000
28-Feb-12,1372.18,3579120000
27-Feb-12,1367.59,3648890000
24-Feb-12,1365.74,3505360000
23-Feb-12,1363.46,3786450000
22-Feb-12,1357.66,3633710000
21-Feb-12,1362.21,3795200000
17-Feb-12,1361.23,3717640000
16-Feb-12,1358.04,4108880000
15-Feb-12,1343.23,4080340000
14-Feb-12,1350.5,3889520000
13-Feb-12,1351.77,3618040000
10-Feb-12,1342.64,3877580000
9-Feb-12,1351.95,4209890000
8-Feb-12,1349.96,4096730000
7-Feb-12,1347.05,3742460000
6-Feb-12,1344.33,3379700000
3-Feb-12,1344.9,4608550000
2-Feb-12,1325.54,4120920000
1-Feb-12,1324.09,4504360000
31-Jan-12,1312.41,4235550000
30-Jan-12,1313.01,3659010000
27-Jan-12,1316.33,4007380000
26-Jan-12,1318.43,4522070000
25-Jan-12,1326.06,4410910000
24-Jan-12,1314.65,3693560000
23-Jan-12,1316,3770910000
20-Jan-12,1315.38,3912620000
19-Jan-12,1314.5,4465890000
18-Jan-12,1308.04,4096160000
17-Jan-12,1293.67,4010490000
13-Jan-12,1289.09,3692370000
12-Jan-12,1295.5,4019890000
11-Jan-12,1292.48,3968120000
10-Jan-12,1292.08,4221960000
9-Jan-12,1280.7,3371600000
6-Jan-12,1277.81,3656830000
5-Jan-12,1281.06,4315950000
4-Jan-12,1277.3,3592580000
3-Jan-12,1277.06,3943710000
30-Dec-11,1257.6,2271850000
29-Dec-11,1263.02,2278130000
28-Dec-11,1249.64,2349980000
27-Dec-11,1265.43,2130590000
23-Dec-11,1265.33,2233830000
22-Dec-11,1254,3492250000
21-Dec-11,1243.72,2959020000
20-Dec-11,1241.3,4055590000
19-Dec-11,1205.35,3659820000
16-Dec-11,1219.66,5345800000
15-Dec-11,1215.75,3810340000
14-Dec-11,1211.82,4298290000
13-Dec-11,1225.73,4121570000
12-Dec-11,1236.47,3600570000
9-Dec-11,1255.19,3830610000
8-Dec-11,1234.35,4298370000
7-Dec-11,1261.01,4160540000
6-Dec-11,1258.47,3734230000
5-Dec-11,1257.08,4148060000
2-Dec-11,1244.28,4144310000
1-Dec-11,1244.58,3818680000
30-Nov-11,1246.96,5801910000
29-Nov-11,1195.19,3992650000
28-Nov-11,1192.55,3920750000
25-Nov-11,1158.67,1664200000
23-Nov-11,1161.79,3798940000
22-Nov-11,1188.04,3911710000
21-Nov-11,1192.98,4050070000
18-Nov-11,1215.65,3827610000
17-Nov-11,1216.13,4596450000
16-Nov-11,1236.91,4085010000
15-Nov-11,1257.81,3599300000
14-Nov-11,1251.78,3219680000
11-Nov-11,1263.85,3370180000
10-Nov-11,1239.7,4002760000
9-Nov-11,1229.1,4659740000
8-Nov-11,1275.92,3908490000
7-Nov-11,1261.12,3429740000
4-Nov-11,1253.23,3830650000
3-Nov-11,1261.15,4849140000
2-Nov-11,1237.9,4110530000
1-Nov-11,1218.28,5645540000
31-Oct-11,1253.3,4310210000
28-Oct-11,1285.09,4536690000
27-Oct-11,1284.59,6367610000
26-Oct-11,1242,4873530000
25-Oct-11,1229.05,4473970000
24-Oct-11,1254.19,4309380000
21-Oct-11,1238.25,4980770000
20-Oct-11,1215.39,4870290000
19-Oct-11,1209.88,4846390000
18-Oct-11,1225.38,4840170000
17-Oct-11,1200.86,4300700000
14-Oct-11,1224.58,4116690000
13-Oct-11,1203.66,4436270000
12-Oct-11,1207.25,5355360000
11-Oct-11,1195.54,4424500000
10-Oct-11,1194.89,4446800000
7-Oct-11,1155.46,5580380000
6-Oct-11,1164.97,5098330000
5-Oct-11,1144.03,2510620000
4-Oct-11,1123.95,3714670000
3-Oct-11,1099.23,5670340000
30-Sep-11,1131.42,4416790000
29-Sep-11,1160.4,5285740000
28-Sep-11,1151.06,4787920000
27-Sep-11,1175.38,5548130000
26-Sep-11,1162.95,4762830000
23-Sep-11,1136.43,5639930000
22-Sep-11,1129.56,6703140000
21-Sep-11,1166.76,4728550000
20-Sep-11,1202.09,4315610000
19-Sep-11,1204.09,4254190000
16-Sep-11,1216.01,5248890000
15-Sep-11,1209.11,4479730000
14-Sep-11,1188.68,4986740000
13-Sep-11,1172.87,4681370000
12-Sep-11,1162.27,5168550000
9-Sep-11,1154.23,4586370000
8-Sep-11,1185.9,4465170000
7-Sep-11,1198.62,4441040000
6-Sep-11,1165.24,5103980000
2-Sep-11,1173.97,4401740000
1-Sep-11,1204.42,4780410000
31-Aug-11,1218.89,5267840000
30-Aug-11,1212.92,4572570000
29-Aug-11,1210.08,4228070000
26-Aug-11,1176.8,5035320000
25-Aug-11,1159.27,5748420000
24-Aug-11,1177.6,5315310000
23-Aug-11,1162.35,5013170000
22-Aug-11,1123.82,5436260000
19-Aug-11,1123.53,5167560000
18-Aug-11,1140.65,3234810000
17-Aug-11,1193.89,4388340000
16-Aug-11,1192.76,5071600000
15-Aug-11,1204.49,4272850000
12-Aug-11,1178.81,5640380000
11-Aug-11,1172.64,3685050000
10-Aug-11,1120.76,5018070000
9-Aug-11,1172.53,2366660000
8-Aug-11,1119.46,2615150000
5-Aug-11,1199.38,5454590000
4-Aug-11,1200.07,4266530000
3-Aug-11,1260.34,6446940000
2-Aug-11,1254.05,5206290000
1-Aug-11,1286.94,4967390000
29-Jul-11,1292.28,5061190000
28-Jul-11,1300.67,4951800000
27-Jul-11,1304.89,3479040000
26-Jul-11,1331.94,4007050000
25-Jul-11,1337.43,3536890000
22-Jul-11,1345.02,3522830000
21-Jul-11,1343.8,4837430000
20-Jul-11,1325.84,3767420000
19-Jul-11,1326.73,4304600000
18-Jul-11,1305.44,4118160000
15-Jul-11,1316.14,4242760000
14-Jul-11,1308.87,4358570000
13-Jul-11,1317.72,4060080000
12-Jul-11,1313.64,4227890000
11-Jul-11,1319.49,3879130000
8-Jul-11,1343.8,3594360000
7-Jul-11,1353.22,4069530000
6-Jul-11,1339.22,3564190000
5-Jul-11,1337.88,3722320000
1-Jul-11,1339.67,3796930000
30-Jun-11,1320.64,4200500000
29-Jun-11,1307.41,4347540000
28-Jun-11,1296.67,3681500000
27-Jun-11,1280.1,3479070000
24-Jun-11,1268.45,3665340000
23-Jun-11,1283.5,4983450000
22-Jun-11,1287.14,3718420000
21-Jun-11,1295.52,4056150000
20-Jun-11,1278.36,3464660000
17-Jun-11,1271.5,4916460000
16-Jun-11,1267.64,3846250000
15-Jun-11,1265.42,4070500000
14-Jun-11,1287.87,3500280000
13-Jun-11,1271.83,4132520000
10-Jun-11,1270.98,3846250000
9-Jun-11,1289,3332510000
8-Jun-11,1279.56,3970810000
7-Jun-11,1284.94,3846250000
6-Jun-11,1286.17,3555980000
3-Jun-11,1300.16,3505030000
2-Jun-11,1312.94,3762170000
1-Jun-11,1314.55,4241090000
31-May-11,1345.2,4696240000
27-May-11,1331.1,3124560000
26-May-11,1325.69,3259470000
25-May-11,1320.47,4109670000
24-May-11,1316.28,3846250000
23-May-11,1317.37,3255580000
20-May-11,1333.27,4066020000
19-May-11,1343.6,3626110000
18-May-11,1340.68,3922030000
17-May-11,1328.98,4053970000
16-May-11,1329.47,3846250000
13-May-11,1337.77,3426660000
12-May-11,1348.65,3777210000
11-May-11,1342.08,3846250000
10-May-11,1357.16,4223740000
9-May-11,1346.29,4265250000
6-May-11,1340.2,4223740000
5-May-11,1335.1,3846250000
4-May-11,1347.32,4223740000
3-May-11,1356.62,4223740000
2-May-11,1361.22,3846250000
29-Apr-11,1363.61,3479070000
28-Apr-11,1360.48,4036820000
27-Apr-11,1355.66,4051570000
26-Apr-11,1347.24,3908060000
25-Apr-11,1335.25,2142130000
21-Apr-11,1337.38,3587240000
20-Apr-11,1330.36,4236280000
19-Apr-11,1312.62,3886300000
18-Apr-11,1305.14,4223740000
15-Apr-11,1319.68,4223740000
14-Apr-11,1314.52,3872630000
13-Apr-11,1314.41,3850860000
12-Apr-11,1314.16,4275490000
11-Apr-11,1324.46,3478970000
8-Apr-11,1328.17,3582810000
7-Apr-11,1333.51,4005600000
6-Apr-11,1335.54,4223740000
5-Apr-11,1332.63,3852280000
4-Apr-11,1332.87,4223740000
1-Apr-11,1332.41,4223740000
31-Mar-11,1325.83,3566270000
30-Mar-11,1328.26,3809570000
29-Mar-11,1319.44,3482580000
28-Mar-11,1310.19,3215170000
25-Mar-11,1313.8,4223740000
24-Mar-11,1309.66,4223740000
23-Mar-11,1297.54,3842350000
22-Mar-11,1293.77,3576550000
21-Mar-11,1298.38,4223730000
18-Mar-11,1279.21,4685500000
17-Mar-11,1273.72,4134950000
16-Mar-11,1256.88,5833000000
15-Mar-11,1281.87,5201400000
14-Mar-11,1296.39,4050370000
11-Mar-11,1304.28,3740400000
10-Mar-11,1295.11,4723020000
9-Mar-11,1320.02,3709520000
8-Mar-11,1321.82,4531420000
7-Mar-11,1310.13,3964730000
4-Mar-11,1321.15,4223740000
3-Mar-11,1330.97,4340470000
2-Mar-11,1308.44,1025000000
1-Mar-11,1306.33,1180420000
28-Feb-11,1327.22,1252850000
25-Feb-11,1319.88,3836030000
24-Feb-11,1306.1,1222900000
23-Feb-11,1307.4,1330340000
22-Feb-11,1315.44,1322780000
18-Feb-11,1343.01,1162310000
17-Feb-11,1340.43,1966450000
16-Feb-11,1336.32,1966450000
15-Feb-11,1328.01,3926860000
14-Feb-11,1332.32,3567040000
11-Feb-11,1329.15,4219300000
10-Feb-11,1321.87,4184610000
9-Feb-11,1320.88,3922240000
8-Feb-11,1324.57,3881530000
7-Feb-11,1319.05,3902270000
4-Feb-11,1310.87,3925950000
3-Feb-11,1307.1,4370990000
2-Feb-11,1304.03,4098260000
1-Feb-11,1307.59,5164500000
31-Jan-11,1286.12,4167160000
28-Jan-11,1276.34,5618630000
27-Jan-11,1299.54,4309190000
26-Jan-11,1296.63,4730980000
25-Jan-11,1291.18,4595380000
24-Jan-11,1290.84,3902470000
21-Jan-11,1283.35,4935320000
20-Jan-11,1280.26,4935320000
19-Jan-11,1281.92,4743710000
18-Jan-11,1295.02,5284990000
14-Jan-11,1293.24,4661590000
13-Jan-11,1283.76,4310840000
12-Jan-11,1285.96,4226940000
11-Jan-11,1274.48,4050750000
10-Jan-11,1269.75,4036450000
7-Jan-11,1271.5,4963110000
6-Jan-11,1273.85,4844100000
5-Jan-11,1276.56,4764920000
4-Jan-11,1270.2,4796420000
3-Jan-11,1271.87,4286670000
31-Dec-10,1257.64,1799770000
30-Dec-10,1257.88,1970720000
29-Dec-10,1259.78,2214380000
28-Dec-10,1258.51,2478450000
27-Dec-10,1257.54,1992470000
23-Dec-10,1256.77,2515020000
22-Dec-10,1258.84,1285590000
21-Dec-10,1254.6,3479670000
20-Dec-10,1247.08,3548140000
17-Dec-10,1243.91,4632470000
16-Dec-10,1242.87,4736820000
15-Dec-10,1235.23,4407340000
14-Dec-10,1241.59,4132350000
13-Dec-10,1240.46,4361240000
10-Dec-10,1240.4,4547310000
9-Dec-10,1233,4522510000
8-Dec-10,1228.28,4607590000
7-Dec-10,1223.75,6970630000
6-Dec-10,1223.12,3527370000
3-Dec-10,1224.71,3735780000
2-Dec-10,1221.53,4970800000
1-Dec-10,1206.07,4548110000
30-Nov-10,1180.55,4284700000
29-Nov-10,1187.76,3673450000
26-Nov-10,1189.4,1613820000
24-Nov-10,1198.35,3384250000
23-Nov-10,1180.73,4133070000
22-Nov-10,1197.84,3689500000
19-Nov-10,1199.73,3675390000
18-Nov-10,1196.69,4687260000
17-Nov-10,1178.59,3904780000
16-Nov-10,1178.34,5116380000
15-Nov-10,1197.75,3503370000
12-Nov-10,1199.21,4213620000
11-Nov-10,1213.54,3931120000
10-Nov-10,1218.71,4561300000
9-Nov-10,1213.4,4848040000
8-Nov-10,1223.25,3937230000
5-Nov-10,1225.85,5637460000
4-Nov-10,1221.06,5695470000
3-Nov-10,1197.96,4665480000
2-Nov-10,1193.57,3866200000
1-Nov-10,1184.38,4129180000
29-Oct-10,1183.26,3537880000
28-Oct-10,1183.78,4283460000
27-Oct-10,1182.45,4335670000
26-Oct-10,1185.64,4203680000
25-Oct-10,1185.62,4221380000
22-Oct-10,1183.08,3177890000
21-Oct-10,1180.26,4625470000
20-Oct-10,1178.17,5027880000
19-Oct-10,1165.9,5600120000
18-Oct-10,1184.71,4450050000
15-Oct-10,1176.19,5724910000
14-Oct-10,1173.81,4969410000
13-Oct-10,1178.1,4969410000
12-Oct-10,1169.77,4076170000
11-Oct-10,1165.32,2505900000
8-Oct-10,1165.15,3871420000
7-Oct-10,1158.06,3910550000
6-Oct-10,1159.97,4073160000
5-Oct-10,1160.75,4068840000
4-Oct-10,1137.03,3604110000
1-Oct-10,1146.24,4298910000
30-Sep-10,1141.2,4284160000
29-Sep-10,1144.73,3990280000
28-Sep-10,1147.7,4025840000
27-Sep-10,1142.16,3587860000
24-Sep-10,1148.67,4123950000
23-Sep-10,1124.83,3847850000
22-Sep-10,1134.28,3911070000
21-Sep-10,1139.78,4175660000
20-Sep-10,1142.71,3364080000
17-Sep-10,1125.59,4086140000
16-Sep-10,1124.66,3364080000
15-Sep-10,1125.07,3369840000
14-Sep-10,1121.1,4521050000
13-Sep-10,1121.9,4521050000
10-Sep-10,1109.55,3061160000
9-Sep-10,1104.18,3387770000
8-Sep-10,1098.87,3224640000
7-Sep-10,1091.84,3107380000
3-Sep-10,1104.51,3534500000
2-Sep-10,1090.1,3704210000
1-Sep-10,1080.29,4396880000
31-Aug-10,1049.33,4038770000
30-Aug-10,1048.92,2917990000
27-Aug-10,1064.59,4102460000
26-Aug-10,1047.22,3646710000
25-Aug-10,1055.33,4360190000
24-Aug-10,1051.87,4436330000
23-Aug-10,1067.36,3210950000
20-Aug-10,1071.69,3761570000
19-Aug-10,1075.63,4290540000
18-Aug-10,1094.16,3724260000
17-Aug-10,1092.54,3968210000
16-Aug-10,1079.38,3142450000
13-Aug-10,1079.25,3328890000
12-Aug-10,1083.61,4521050000
11-Aug-10,1089.47,4511860000
10-Aug-10,1121.06,3979360000
9-Aug-10,1127.79,3979360000
6-Aug-10,1121.64,3857890000
5-Aug-10,1125.81,3685560000
4-Aug-10,1127.24,4057850000
3-Aug-10,1120.46,4071820000
2-Aug-10,1125.86,4144180000
30-Jul-10,1101.6,4006450000
29-Jul-10,1101.53,4612420000
28-Jul-10,1106.13,4002390000
27-Jul-10,1113.84,4725690000
26-Jul-10,1115.01,4009650000
23-Jul-10,1102.66,4524570000
22-Jul-10,1093.67,4826900000
21-Jul-10,1069.59,4747180000
20-Jul-10,1083.48,4713280000
19-Jul-10,1071.25,4089500000
16-Jul-10,1064.88,5297350000
15-Jul-10,1096.48,4552470000
14-Jul-10,1095.17,4521050000
13-Jul-10,1095.34,4640460000
12-Jul-10,1078.75,3426990000
9-Jul-10,1077.96,3506570000
8-Jul-10,1070.25,4548460000
7-Jul-10,1060.27,4931220000
6-Jul-10,1028.06,4691240000
2-Jul-10,1022.58,3968500000
1-Jul-10,1027.37,6435770000
30-Jun-10,1030.71,5067080000
29-Jun-10,1041.24,6136700000
28-Jun-10,1074.57,3896410000
25-Jun-10,1076.76,5128840000
24-Jun-10,1073.69,4814830000
23-Jun-10,1092.04,4526150000
22-Jun-10,1095.31,4514380000
21-Jun-10,1113.2,4514360000
18-Jun-10,1117.51,4555360000
17-Jun-10,1116.04,4557760000
16-Jun-10,1114.61,5002600000
15-Jun-10,1115.23,4644490000
14-Jun-10,1089.63,4425830000
11-Jun-10,1091.6,4059280000
10-Jun-10,1086.84,5144780000
9-Jun-10,1055.69,5983200000
8-Jun-10,1062,6192750000
7-Jun-10,1050.47,5467560000
4-Jun-10,1064.88,6180580000
3-Jun-10,1102.83,4995970000
2-Jun-10,1098.38,5026360000
1-Jun-10,1070.71,5271480000
28-May-10,1089.41,4871210000
27-May-10,1103.06,5698460000
26-May-10,1067.95,4521050000
25-May-10,1074.03,7329580000
24-May-10,1073.65,5224040000
21-May-10,1087.69,5452130000
20-May-10,1071.59,8328570000
19-May-10,1115.05,6765800000
18-May-10,1120.8,6170840000
17-May-10,1136.94,5922920000
14-May-10,1135.68,6126400000
13-May-10,1157.44,4870640000
12-May-10,1171.67,5225460000
11-May-10,1155.79,5842550000
10-May-10,1159.73,6893700000
7-May-10,1110.88,9472910000
6-May-10,1128.15,10617810000
5-May-10,1165.87,6795940000
4-May-10,1173.6,6594720000
3-May-10,1202.26,4938050000
30-Apr-10,1186.69,6048260000
29-Apr-10,1206.78,6059410000
28-Apr-10,1191.36,6342310000
27-Apr-10,1183.71,7454540000
26-Apr-10,1212.05,5647760000
23-Apr-10,1217.28,5326060000
22-Apr-10,1208.67,6035780000
21-Apr-10,1205.94,5724310000
20-Apr-10,1207.17,5316590000
19-Apr-10,1197.52,6597740000
16-Apr-10,1192.13,8108470000
15-Apr-10,1211.67,5995330000
14-Apr-10,1210.65,5760040000
13-Apr-10,1197.3,5403580000
12-Apr-10,1196.48,4607090000
9-Apr-10,1194.37,4511570000
8-Apr-10,1186.44,4726970000
7-Apr-10,1182.45,5101430000
6-Apr-10,1189.44,4086180000
5-Apr-10,1187.44,3881620000
1-Apr-10,1178.1,4006870000
31-Mar-10,1169.43,4484340000
30-Mar-10,1173.27,4085000000
29-Mar-10,1173.22,4375580000
26-Mar-10,1166.59,4708420000
25-Mar-10,1165.73,5668900000
24-Mar-10,1167.72,4705750000
23-Mar-10,1174.17,4411640000
22-Mar-10,1165.81,4261680000
19-Mar-10,1159.9,5212410000
18-Mar-10,1165.83,4234510000
17-Mar-10,1166.21,4963200000
16-Mar-10,1159.46,4369770000
15-Mar-10,1150.51,4164110000
12-Mar-10,1149.99,4928160000
11-Mar-10,1150.24,4669060000
10-Mar-10,1145.61,5469120000
9-Mar-10,1140.45,5185570000
8-Mar-10,1138.5,3774680000
5-Mar-10,1138.7,4133000000
4-Mar-10,1122.97,3945010000
3-Mar-10,1118.79,3951320000
2-Mar-10,1118.31,4134680000
1-Mar-10,1115.71,3847640000
26-Feb-10,1104.49,3945190000
25-Feb-10,1102.94,4521130000
24-Feb-10,1105.24,4168360000
23-Feb-10,1094.6,4521050000
22-Feb-10,1108.01,3814440000
19-Feb-10,1109.17,3944280000
18-Feb-10,1106.75,3878620000
17-Feb-10,1099.51,4259230000
16-Feb-10,1094.87,4080770000
12-Feb-10,1075.51,4160680000
11-Feb-10,1078.47,4400870000
10-Feb-10,1068.13,4251450000
9-Feb-10,1070.52,5114260000
8-Feb-10,1056.74,4089820000
5-Feb-10,1066.19,6438900000
4-Feb-10,1063.11,5859690000
3-Feb-10,1097.28,4285450000
2-Feb-10,1103.32,4749540000
1-Feb-10,1089.19,4077610000
29-Jan-10,1073.87,5412850000
28-Jan-10,1084.53,5452400000
27-Jan-10,1097.5,5319120000
26-Jan-10,1092.17,4731910000
25-Jan-10,1096.78,4481390000
22-Jan-10,1091.76,6208650000
21-Jan-10,1116.48,6874290000
20-Jan-10,1138.04,4810560000
19-Jan-10,1150.23,4724830000
15-Jan-10,1136.03,4758730000
14-Jan-10,1148.46,3915200000
13-Jan-10,1145.68,4170360000
12-Jan-10,1136.22,4716160000
11-Jan-10,1146.98,4255780000
8-Jan-10,1144.98,4389590000
7-Jan-10,1141.69,5270680000
6-Jan-10,1137.14,4972660000
5-Jan-10,1136.52,2491020000
4-Jan-10,1132.99,3991400000
